-- phpMyAdmin SQL Dump
-- version 4.8.5
-- https://www.phpmyadmin.net/
--
-- Host: 127.0.0.1
-- Generation Time: Apr 26, 2021 at 10:55 AM
-- Server version: 10.1.40-MariaDB
-- PHP Version: 7.3.5

SET SQL_MODE = "NO_AUTO_VALUE_ON_ZERO";
SET AUTOCOMMIT = 0;
START TRANSACTION;
SET time_zone = "+00:00";


/*!40101 SET @OLD_CHARACTER_SET_CLIENT=@@CHARACTER_SET_CLIENT */;
/*!40101 SET @OLD_CHARACTER_SET_RESULTS=@@CHARACTER_SET_RESULTS */;
/*!40101 SET @OLD_COLLATION_CONNECTION=@@COLLATION_CONNECTION */;
/*!40101 SET NAMES utf8mb4 */;

--
-- Database: `huclassschedule`
--

-- --------------------------------------------------------

--
-- Table structure for table `buildings`
--

CREATE TABLE `buildings` (
  `id` bigint(20) UNSIGNED NOT NULL,
  `name` varchar(191) COLLATE utf8mb4_unicode_ci NOT NULL,
  `type` varchar(191) COLLATE utf8mb4_unicode_ci NOT NULL,
  `created_at` timestamp NULL DEFAULT NULL,
  `updated_at` timestamp NULL DEFAULT NULL
) ENGINE=InnoDB DEFAULT CHARSET=utf8mb4 COLLATE=utf8mb4_unicode_ci;

--
-- Dumping data for table `buildings`
--

INSERT INTO `buildings` (`id`, `name`, `type`, `created_at`, `updated_at`) VALUES
(1, 'shewa building', 'rent', NULL, NULL),
(2, 'new buiding', 'own', NULL, NULL),
(3, 'admin building', 'own', '2021-03-19 04:20:15', '2021-03-19 04:20:15'),
(4, 'PG building', 'own', '2021-03-22 16:17:10', '2021-03-26 09:36:59');

-- --------------------------------------------------------

--
-- Table structure for table `class_schedules`
--

CREATE TABLE `class_schedules` (
  `id` bigint(20) UNSIGNED NOT NULL,
  `section_id` varchar(191) COLLATE utf8mb4_unicode_ci NOT NULL,
  `room_id` varchar(191) COLLATE utf8mb4_unicode_ci NOT NULL,
  `date` varchar(191) COLLATE utf8mb4_unicode_ci NOT NULL,
  `time_id` varchar(191) COLLATE utf8mb4_unicode_ci NOT NULL,
  `section` varchar(191) COLLATE utf8mb4_unicode_ci NOT NULL,
  `instructor` varchar(191) COLLATE utf8mb4_unicode_ci NOT NULL,
  `course` varchar(191) COLLATE utf8mb4_unicode_ci NOT NULL,
  `department` varchar(191) COLLATE utf8mb4_unicode_ci NOT NULL,
  `modality` varchar(191) COLLATE utf8mb4_unicode_ci NOT NULL,
  `batch` varchar(191) COLLATE utf8mb4_unicode_ci NOT NULL,
  `created_at` timestamp NULL DEFAULT NULL,
  `updated_at` timestamp NULL DEFAULT NULL
) ENGINE=InnoDB DEFAULT CHARSET=utf8mb4 COLLATE=utf8mb4_unicode_ci;

--
-- Dumping data for table `class_schedules`
--

INSERT INTO `class_schedules` (`id`, `section_id`, `room_id`, `date`, `time_id`, `section`, `instructor`, `course`, `department`, `modality`, `batch`, `created_at`, `updated_at`) VALUES
(1, '354', '27', 'tu', '1', '1', 'Inst-116', 'ACFn 1031', 'acc', '1', '2012', '2021-04-17 12:26:54', '2021-04-17 12:26:54'),
(2, '355', '27', 'tu', '2', '1', 'Inst-115', 'Mgmt 1051', 'acc', '1', '2012', '2021-04-17 12:26:54', '2021-04-17 12:26:54'),
(3, '356', '27', 'th', '1', '1', 'Inst-117', 'EnLa 1011', 'acc', '1', '2012', '2021-04-17 12:26:55', '2021-04-17 12:26:55'),
(4, '357', '27', 'th', '2', '1', 'Inst-118', 'Econ 1011', 'acc', '1', '2012', '2021-04-17 12:26:55', '2021-04-17 12:26:55'),
(5, '358', '27', 'th', '3', '2', 'Inst-116', 'ACFn 1031', 'acc', '1', '2012', '2021-04-17 12:26:55', '2021-04-17 12:26:55'),
(6, '359', '27', 'th', '4', '2', 'Inst-115', 'Mgmt 1051', 'acc', '1', '2012', '2021-04-17 12:26:55', '2021-04-17 12:26:55'),
(7, '360', '28', 'tu', '1', '2', 'Inst-117', 'EnLa 1011', 'acc', '1', '2012', '2021-04-17 12:26:55', '2021-04-17 12:26:55'),
(8, '361', '28', 'tu', '2', '2', 'Inst-118', 'Econ 1011', 'acc', '1', '2012', '2021-04-17 12:26:55', '2021-04-17 12:26:55'),
(9, '362', '28', 'tu', '3', '3', 'Inst-119', 'ACFn 1031', 'acc', '1', '2012', '2021-04-17 12:26:55', '2021-04-17 12:26:55'),
(10, '363', '28', 'tu', '4', '3', 'Inst-120', 'Mgmt 1051', 'acc', '1', '2012', '2021-04-17 12:26:55', '2021-04-17 12:26:55'),
(11, '364', '28', 'th', '1', '3', 'Inst-121', 'EnLa 1011', 'acc', '1', '2012', '2021-04-17 12:26:55', '2021-04-17 12:26:55'),
(12, '365', '28', 'th', '2', '3', 'Inst-122', 'Econ 1011', 'acc', '1', '2012', '2021-04-17 12:26:55', '2021-04-17 12:26:55'),
(13, '366', '28', 'th', '3', '4', 'Inst-119', 'ACFn 1031', 'acc', '1', '2012', '2021-04-17 12:26:55', '2021-04-17 12:26:55'),
(14, '367', '28', 'th', '4', '4', 'Inst-120', 'Mgmt 1051', 'acc', '1', '2012', '2021-04-17 12:26:55', '2021-04-17 12:26:55'),
(15, '368', '29', 'tu', '1', '4', 'Inst-121', 'EnLa 1011', 'acc', '1', '2012', '2021-04-17 12:26:55', '2021-04-17 12:26:55'),
(16, '369', '29', 'tu', '2', '4', 'Inst-122', 'Econ 1011', 'acc', '1', '2012', '2021-04-17 12:26:55', '2021-04-17 12:26:55'),
(17, '370', '29', 'tu', '4', '5', 'Inst-119', 'ACFn 1031', 'acc', '1', '2012', '2021-04-17 12:26:55', '2021-04-17 12:26:55'),
(18, '371', '29', 'th', '1', '5', 'Inst-120', 'Mgmt 1051', 'acc', '1', '2012', '2021-04-17 12:26:55', '2021-04-17 12:26:55'),
(19, '372', '29', 'th', '2', '5', 'Inst-121', 'EnLa 1011', 'acc', '1', '2012', '2021-04-17 12:26:55', '2021-04-17 12:26:55'),
(20, '373', '30', 'tu', '1', '5', 'Inst-122', 'Econ 1011', 'acc', '1', '2012', '2021-04-17 12:26:56', '2021-04-17 12:26:56'),
(21, '374', '30', 'tu', '2', '6', 'Inst-116', 'ACFn 1031', 'acc', '1', '2012', '2021-04-17 12:26:56', '2021-04-17 12:26:56'),
(22, '375', '30', 'tu', '3', '6', 'Inst-115', 'Mgmt 1051', 'acc', '1', '2012', '2021-04-17 12:26:56', '2021-04-17 12:26:56'),
(23, '376', '30', 'th', '2', '6', 'Inst-117', 'EnLa 1011', 'acc', '1', '2012', '2021-04-17 12:26:56', '2021-04-17 12:26:56'),
(24, '377', '30', 'th', '3', '6', 'Inst-118', 'Econ 1011', 'acc', '1', '2012', '2021-04-17 12:26:56', '2021-04-17 12:26:56'),
(25, '442', '30', 'th', '4', '1', 'Inst-113', 'Acc-201', 'badm', '1', '2012', '2021-04-17 12:26:56', '2021-04-17 12:26:56'),
(26, '443', '31', 'tu', '1', '1', 'Inst-114', 'MGMT-212', 'badm', '1', '2012', '2021-04-17 12:26:56', '2021-04-17 12:26:56'),
(27, '444', '31', 'tu', '2', '1', 'Inst-157', 'Enla-100', 'badm', '1', '2012', '2021-04-17 12:26:56', '2021-04-17 12:26:56'),
(28, '445', '31', 'th', '1', '1', 'Inst-132', 'Econ.1011', 'badm', '1', '2012', '2021-04-17 12:26:56', '2021-04-17 12:26:56'),
(29, '448', '83', 'th', '3', '2', 'Inst-113', 'Acc-201', 'badm', '1', '2012', '2021-04-17 12:26:57', '2021-04-17 12:26:57'),
(30, '449', '83', 'th', '4', '2', 'Inst-114', 'MGMT-212', 'badm', '1', '2012', '2021-04-17 12:26:57', '2021-04-17 12:26:57'),
(31, '450', '84', 'tu', '1', '2', 'Inst-157', 'Enla-100', 'badm', '1', '2012', '2021-04-17 12:26:57', '2021-04-17 12:26:57'),
(32, '451', '84', 'tu', '2', '2', 'Inst-132', 'Econ.1011', 'badm', '1', '2012', '2021-04-17 12:26:57', '2021-04-17 12:26:57'),
(33, '326', '35', 'tu', '4', '1', 'Inst-138', 'CoSc1011', 'cs', '1', '2012', '2021-04-17 12:26:57', '2021-04-17 12:26:57'),
(34, '327', '35', 'we', '1', '1', 'Inst-139', 'CoSc1013', 'cs', '1', '2012', '2021-04-17 12:26:57', '2021-04-17 12:26:57'),
(35, '328', '35', 'we', '2', '1', 'Inst-140', 'FlEn1011', 'cs', '1', '2012', '2021-04-17 12:26:57', '2021-04-17 12:26:57'),
(36, '329', '35', 'th', '1', '1', 'Inst-141', 'Econ 1011', 'cs', '1', '2012', '2021-04-17 12:26:57', '2021-04-17 12:26:57'),
(37, '330', '35', 'th', '2', '1', 'Inst-142', 'LoCT 1011', 'cs', '1', '2012', '2021-04-17 12:26:57', '2021-04-17 12:26:57'),
(38, '331', '35', 'fr', '1', '1', 'Inst-143', 'SpSc', 'cs', '1', '2012', '2021-04-17 12:26:57', '2021-04-17 12:26:57'),
(39, '332', '35', 'fr', '2', '2', 'Inst-138', 'CoSc1011', 'cs', '1', '2012', '2021-04-17 12:26:58', '2021-04-17 12:26:58'),
(40, '333', '35', 'fr', '3', '2', 'Inst-139', 'CoSc1013', 'cs', '1', '2012', '2021-04-17 12:26:58', '2021-04-17 12:26:58'),
(41, '334', '36', 'mo', '1', '2', 'Inst-140', 'FlEn1011', 'cs', '1', '2012', '2021-04-17 12:26:58', '2021-04-17 12:26:58'),
(42, '335', '36', 'mo', '2', '2', 'Inst-141', 'Econ 1011', 'cs', '1', '2012', '2021-04-17 12:26:58', '2021-04-17 12:26:58'),
(43, '336', '36', 'tu', '1', '2', 'Inst-142', 'LoCT 1011', 'cs', '1', '2012', '2021-04-17 12:26:58', '2021-04-17 12:26:58'),
(44, '337', '36', 'tu', '2', '2', 'Inst-143', 'SpSc', 'cs', '1', '2012', '2021-04-17 12:26:58', '2021-04-17 12:26:58'),
(45, '500', '36', 'tu', '4', '1', 'Inst-115', 'Acct 2201', 'eco', '1', '2012', '2021-04-17 12:26:58', '2021-04-17 12:26:58'),
(46, '501', '36', 'we', '1', '1', 'Inst-157', 'EnLa 1161', 'eco', '1', '2012', '2021-04-17 12:26:58', '2021-04-17 12:26:58'),
(47, '502', '36', 'we', '2', '1', 'Inst-134', 'Econ 1011', 'eco', '1', '2012', '2021-04-17 12:26:58', '2021-04-17 12:26:58'),
(48, '503', '36', 'th', '1', '1', 'Inst-159', 'LoCT 1011', 'eco', '1', '2012', '2021-04-17 12:26:58', '2021-04-17 12:26:58'),
(49, '504', '36', 'th', '2', '1', 'Inst-154', 'Psyc 1011', 'eco', '1', '2012', '2021-04-17 12:26:58', '2021-04-17 12:26:58'),
(50, '505', '36', 'fr', '1', '1', 'Inst-156', 'Spsc 1011', 'eco', '1', '2012', '2021-04-17 12:26:58', '2021-04-17 12:26:58'),
(51, '506', '36', 'fr', '2', '2', 'Inst-115', 'Acct 2201', 'eco', '1', '2012', '2021-04-17 12:26:58', '2021-04-17 12:26:58'),
(52, '507', '36', 'fr', '3', '2', 'Inst-157', 'EnLa 1161', 'eco', '1', '2012', '2021-04-17 12:26:58', '2021-04-17 12:26:58'),
(53, '508', '37', 'mo', '1', '2', 'Inst-134', 'Econ 1011', 'eco', '1', '2012', '2021-04-17 12:26:58', '2021-04-17 12:26:58'),
(54, '509', '37', 'mo', '2', '2', 'Inst-159', 'LoCT 1011', 'eco', '1', '2012', '2021-04-17 12:26:58', '2021-04-17 12:26:58'),
(55, '510', '37', 'tu', '1', '2', 'Inst-154', 'Psyc 1011', 'eco', '1', '2012', '2021-04-17 12:26:58', '2021-04-17 12:26:58'),
(56, '511', '37', 'tu', '2', '2', 'Inst-156', 'Spsc 1011', 'eco', '1', '2012', '2021-04-17 12:26:59', '2021-04-17 12:26:59'),
(57, '478', '37', 'tu', '3', '1', 'Inst-111', 'Acc-201', 'mng', '1', '2012', '2021-04-17 12:26:59', '2021-04-17 12:26:59'),
(58, '479', '37', 'tu', '4', '1', 'Inst-126', 'MGMT-212', 'mng', '1', '2012', '2021-04-17 12:26:59', '2021-04-17 12:26:59'),
(59, '480', '37', 'we', '1', '1', 'Inst-150', 'Enla-1011', 'mng', '1', '2012', '2021-04-17 12:26:59', '2021-04-17 12:26:59'),
(60, '481', '37', 'we', '3', '1', 'Inst-134', 'Econ 1011', 'mng', '1', '2012', '2021-04-17 12:26:59', '2021-04-17 12:26:59'),
(61, '524', '37', 'we', '4', '1', 'Inst-121', 'Acct 2201', 'mrk', '1', '2012', '2021-04-17 12:26:59', '2021-04-17 12:26:59'),
(62, '525', '37', 'th', '1', '1', 'Inst-130', 'Mgt 201', 'mrk', '1', '2012', '2021-04-17 12:26:59', '2021-04-17 12:26:59'),
(63, '526', '37', 'th', '2', '1', 'Inst-150', 'EnLa 1161', 'mrk', '1', '2012', '2021-04-17 12:26:59', '2021-04-17 12:26:59'),
(64, '527', '37', 'fr', '1', '1', 'Inst-135', 'Econ 1011', 'mrk', '1', '2012', '2021-04-17 12:26:59', '2021-04-17 12:26:59'),
(65, '554', '37', 'fr', '2', '1', 'Inst-160', 'ANAT 121', 'nrs', '1', '2012', '2021-04-17 12:26:59', '2021-04-17 12:26:59'),
(66, '555', '37', 'fr', '3', '1', 'Inst-161', 'PHYL 121', 'nrs', '1', '2012', '2021-04-17 12:26:59', '2021-04-17 12:26:59'),
(67, '556', '38', 'mo', '1', '1', 'Inst-158', 'NURS 101', 'nrs', '1', '2012', '2021-04-17 12:26:59', '2021-04-17 12:26:59'),
(68, '557', '38', 'mo', '2', '1', 'Inst-162', 'PARA 221', 'nrs', '1', '2012', '2021-04-17 12:26:59', '2021-04-17 12:26:59'),
(69, '558', '38', 'tu', '1', '1', 'Inst-150', 'FLEn 101', 'nrs', '1', '2012', '2021-04-17 12:26:59', '2021-04-17 12:26:59'),
(70, '559', '38', 'tu', '2', '1', 'Inst-134', 'SOSA101', 'nrs', '1', '2012', '2021-04-17 12:26:59', '2021-04-17 12:26:59'),
(71, '560', '38', 'we', '1', '1', 'Inst-156', 'SpSc1023', 'nrs', '1', '2012', '2021-04-17 12:26:59', '2021-04-17 12:26:59'),
(72, '561', '38', 'we', '2', '1', 'Inst-151', 'CIVS1011', 'nrs', '1', '2012', '2021-04-17 12:26:59', '2021-04-17 12:26:59'),
(73, '562', '38', 'th', '1', '1', 'Inst-154', 'LoCT1011', 'nrs', '1', '2012', '2021-04-17 12:27:00', '2021-04-17 12:27:00'),
(74, '563', '38', 'th', '2', '2', 'Inst-160', 'ANAT 121', 'nrs', '1', '2012', '2021-04-17 12:27:00', '2021-04-17 12:27:00'),
(75, '564', '38', 'th', '3', '2', 'Inst-161', 'PHYL 121', 'nrs', '1', '2012', '2021-04-17 12:27:00', '2021-04-17 12:27:00'),
(76, '565', '38', 'fr', '1', '2', 'Inst-158', 'NURS 101', 'nrs', '1', '2012', '2021-04-17 12:27:00', '2021-04-17 12:27:00'),
(77, '566', '38', 'fr', '2', '2', 'Inst-162', 'PARA 221', 'nrs', '1', '2012', '2021-04-17 12:27:00', '2021-04-17 12:27:00'),
(78, '567', '39', 'mo', '1', '2', 'Inst-150', 'FLEn 101', 'nrs', '1', '2012', '2021-04-17 12:27:00', '2021-04-17 12:27:00'),
(79, '568', '39', 'mo', '2', '2', 'Inst-134', 'SOSA101', 'nrs', '1', '2012', '2021-04-17 12:27:00', '2021-04-17 12:27:00'),
(80, '569', '39', 'tu', '1', '2', 'Inst-156', 'SpSc1023', 'nrs', '1', '2012', '2021-04-17 12:27:00', '2021-04-17 12:27:00'),
(81, '570', '39', 'tu', '2', '2', 'Inst-151', 'CIVS1011', 'nrs', '1', '2012', '2021-04-17 12:27:00', '2021-04-17 12:27:00'),
(82, '571', '39', 'we', '1', '2', 'Inst-154', 'LoCT1011', 'nrs', '1', '2012', '2021-04-17 12:27:00', '2021-04-17 12:27:00'),
(83, '532', '39', 'we', '2', '1', 'Inst-162', 'Anat 1031', 'pha', '1', '2012', '2021-04-17 12:27:00', '2021-04-17 12:27:00'),
(84, '533', '39', 'we', '3', '1', 'Inst-158', 'Phyl 1032', 'pha', '1', '2012', '2021-04-17 12:27:00', '2021-04-17 12:27:00'),
(85, '534', '39', 'th', '1', '1', 'Inst-160', 'Chem. 1041', 'pha', '1', '2012', '2021-04-17 12:27:00', '2021-04-17 12:27:00'),
(86, '535', '39', 'th', '2', '1', 'Inst-161', 'Chem. 1042', 'pha', '1', '2012', '2021-04-17 12:27:00', '2021-04-17 12:27:00'),
(87, '536', '39', 'fr', '1', '1', 'Inst-157', 'FlEn 1011', 'pha', '1', '2012', '2021-04-17 12:27:00', '2021-04-17 12:27:00'),
(88, '537', '39', 'fr', '3', '1', 'Inst-160', 'soAnt 1011', 'pha', '1', '2012', '2021-04-17 12:27:00', '2021-04-17 12:27:00'),
(89, '538', '40', 'mo', '1', '1', 'Inst-154', 'loCT 1011', 'pha', '1', '2012', '2021-04-17 12:27:00', '2021-04-17 12:27:00'),
(90, '539', '40', 'mo', '2', '1', 'Inst-151', 'Moced 1011', 'pha', '1', '2012', '2021-04-17 12:27:01', '2021-04-17 12:27:01'),
(91, '540', '40', 'tu', '1', '1', 'Inst-140', 'Spsc 1011', 'pha', '1', '2012', '2021-04-17 12:27:01', '2021-04-17 12:27:01'),
(92, '541', '40', 'tu', '2', '2', 'Inst-162', 'Anat 1031', 'pha', '1', '2012', '2021-04-17 12:27:01', '2021-04-17 12:27:01'),
(93, '542', '40', 'tu', '3', '2', 'Inst-158', 'Phyl 1032', 'pha', '1', '2012', '2021-04-17 12:27:01', '2021-04-17 12:27:01'),
(94, '543', '40', 'we', '1', '2', 'Inst-160', 'Chem. 1041', 'pha', '1', '2012', '2021-04-17 12:27:01', '2021-04-17 12:27:01'),
(95, '544', '40', 'we', '2', '2', 'Inst-161', 'Chem. 1042', 'pha', '1', '2012', '2021-04-17 12:27:01', '2021-04-17 12:27:01'),
(96, '545', '40', 'th', '1', '2', 'Inst-157', 'FlEn 1011', 'pha', '1', '2012', '2021-04-17 12:27:01', '2021-04-17 12:27:01'),
(97, '546', '40', 'th', '3', '2', 'Inst-160', 'soAnt 1011', 'pha', '1', '2012', '2021-04-17 12:27:01', '2021-04-17 12:27:01'),
(98, '547', '40', 'fr', '1', '2', 'Inst-154', 'loCT 1011', 'pha', '1', '2012', '2021-04-17 12:27:01', '2021-04-17 12:27:01'),
(99, '548', '40', 'fr', '2', '2', 'Inst-151', 'Moced 1011', 'pha', '1', '2012', '2021-04-17 12:27:01', '2021-04-17 12:27:01'),
(100, '549', '41', 'mo', '1', '2', 'Inst-147', 'Spsc 1011', 'pha', '1', '2012', '2021-04-17 12:27:01', '2021-04-17 12:27:01'),
(101, '832', '27', 'mo', '5', '1', 'Inst-143', 'ACFn 1031', 'acc', '2', '2012', '2021-04-18 13:31:17', '2021-04-18 13:31:17'),
(102, '833', '27', 'tu', '5', '1', 'Inst-117', 'Mgmt 1051', 'acc', '2', '2012', '2021-04-18 13:31:18', '2021-04-18 13:31:18'),
(103, '834', '27', 'we', '5', '1', 'Inst-157', 'EnLa 1011', 'acc', '2', '2012', '2021-04-18 13:31:18', '2021-04-18 13:31:18'),
(104, '835', '27', 'th', '5', '1', 'Inst-119', 'Econ 1011', 'acc', '2', '2012', '2021-04-18 13:31:18', '2021-04-18 13:31:18'),
(105, '868', '27', 'fr', '5', '10', 'Inst-113', 'ACFn 1031', 'acc', '2', '2012', '2021-04-18 13:31:18', '2021-04-18 13:31:18'),
(106, '869', '28', 'mo', '5', '10', 'Inst-120', 'Mgmt 1051', 'acc', '2', '2012', '2021-04-18 13:31:18', '2021-04-18 13:31:18'),
(107, '870', '28', 'tu', '5', '10', 'Inst-144', 'EnLa 1011', 'acc', '2', '2012', '2021-04-18 13:31:18', '2021-04-18 13:31:18'),
(108, '871', '28', 'we', '5', '10', 'Inst-127', 'Econ 1011', 'acc', '2', '2012', '2021-04-18 13:31:18', '2021-04-18 13:31:18'),
(109, '836', '28', 'th', '5', '2', 'Inst-116', 'ACFn 1031', 'acc', '2', '2012', '2021-04-18 13:31:18', '2021-04-18 13:31:18'),
(110, '837', '28', 'fr', '5', '2', 'Inst-117', 'Mgmt 1051', 'acc', '2', '2012', '2021-04-18 13:31:18', '2021-04-18 13:31:18'),
(111, '838', '29', 'mo', '5', '2', 'Inst-147', 'EnLa 1011', 'acc', '2', '2012', '2021-04-18 13:31:18', '2021-04-18 13:31:18'),
(112, '839', '29', 'tu', '5', '2', 'Inst-119', 'Econ 1011', 'acc', '2', '2012', '2021-04-18 13:31:19', '2021-04-18 13:31:19'),
(113, '840', '29', 'we', '5', '3', 'Inst-116', 'ACFn 1031', 'acc', '2', '2012', '2021-04-18 13:31:19', '2021-04-18 13:31:19'),
(114, '841', '29', 'th', '5', '3', 'Inst-117', 'Mgmt 1051', 'acc', '2', '2012', '2021-04-18 13:31:19', '2021-04-18 13:31:19'),
(115, '842', '29', 'fr', '5', '3', 'Inst-147', 'EnLa 1011', 'acc', '2', '2012', '2021-04-18 13:31:19', '2021-04-18 13:31:19'),
(116, '843', '30', 'mo', '5', '3', 'Inst-119', 'Econ 1011', 'acc', '2', '2012', '2021-04-18 13:31:19', '2021-04-18 13:31:19'),
(117, '844', '30', 'tu', '5', '4', 'Inst-114', 'ACFn 1031', 'acc', '2', '2012', '2021-04-18 13:31:19', '2021-04-18 13:31:19'),
(118, '845', '30', 'we', '5', '4', 'Inst-117', 'Mgmt 1051', 'acc', '2', '2012', '2021-04-18 13:31:19', '2021-04-18 13:31:19'),
(119, '846', '30', 'th', '5', '4', 'Inst-147', 'EnLa 1011', 'acc', '2', '2012', '2021-04-18 13:31:19', '2021-04-18 13:31:19'),
(120, '847', '30', 'fr', '5', '4', 'Inst-124', 'Econ 1011', 'acc', '2', '2012', '2021-04-18 13:31:19', '2021-04-18 13:31:19'),
(121, '848', '31', 'mo', '5', '5', 'Inst-114', 'ACFn 1031', 'acc', '2', '2012', '2021-04-18 13:31:19', '2021-04-18 13:31:19'),
(122, '849', '31', 'tu', '5', '5', 'Inst-121', 'Mgmt 1051', 'acc', '2', '2012', '2021-04-18 13:31:20', '2021-04-18 13:31:20'),
(123, '850', '31', 'we', '5', '5', 'Inst-145', 'EnLa 1011', 'acc', '2', '2012', '2021-04-18 13:31:20', '2021-04-18 13:31:20'),
(124, '851', '31', 'th', '5', '5', 'Inst-124', 'Econ 1011', 'acc', '2', '2012', '2021-04-18 13:31:20', '2021-04-18 13:31:20'),
(125, '852', '31', 'fr', '5', '6', 'Inst-114', 'ACFn 1031', 'acc', '2', '2012', '2021-04-18 13:31:20', '2021-04-18 13:31:20'),
(126, '853', '32', 'mo', '5', '6', 'Inst-121', 'Mgmt 1051', 'acc', '2', '2012', '2021-04-18 13:31:20', '2021-04-18 13:31:20'),
(127, '854', '32', 'tu', '5', '6', 'Inst-150', 'EnLa 1011', 'acc', '2', '2012', '2021-04-18 13:31:20', '2021-04-18 13:31:20'),
(128, '855', '32', 'we', '5', '6', 'Inst-124', 'Econ 1011', 'acc', '2', '2012', '2021-04-18 13:31:20', '2021-04-18 13:31:20'),
(129, '856', '32', 'th', '5', '7', 'Inst-115', 'ACFn 1031', 'acc', '2', '2012', '2021-04-18 13:31:20', '2021-04-18 13:31:20'),
(130, '857', '32', 'fr', '5', '7', 'Inst-121', 'Mgmt 1051', 'acc', '2', '2012', '2021-04-18 13:31:20', '2021-04-18 13:31:20'),
(131, '858', '33', 'tu', '5', '7', 'Inst-143', 'EnLa 1011', 'acc', '2', '2012', '2021-04-18 13:31:20', '2021-04-18 13:31:20'),
(132, '859', '80', 'mo', '5', '7', 'Inst-127', 'Econ 1011', 'acc', '2', '2012', '2021-04-18 13:31:20', '2021-04-18 13:31:20'),
(133, '860', '80', 'tu', '5', '8', 'Inst-115', 'ACFn 1031', 'acc', '2', '2012', '2021-04-18 13:31:20', '2021-04-18 13:31:20'),
(134, '861', '80', 'we', '5', '8', 'Inst-121', 'Mgmt 1051', 'acc', '2', '2012', '2021-04-18 13:31:20', '2021-04-18 13:31:20'),
(135, '862', '80', 'th', '5', '8', 'Inst-143', 'EnLa 1011', 'acc', '2', '2012', '2021-04-18 13:31:21', '2021-04-18 13:31:21'),
(136, '863', '80', 'fr', '5', '8', 'Inst-127', 'Econ 1011', 'acc', '2', '2012', '2021-04-18 13:31:21', '2021-04-18 13:31:21'),
(137, '864', '81', 'mo', '5', '9', 'Inst-115', 'ACFn 1031', 'acc', '2', '2012', '2021-04-18 13:31:21', '2021-04-18 13:31:21'),
(138, '865', '81', 'tu', '5', '9', 'Inst-120', 'Mgmt 1051', 'acc', '2', '2012', '2021-04-18 13:31:21', '2021-04-18 13:31:21'),
(139, '866', '81', 'we', '5', '9', 'Inst-153', 'EnLa 1011', 'acc', '2', '2012', '2021-04-18 13:31:21', '2021-04-18 13:31:21'),
(140, '867', '81', 'th', '5', '9', 'Inst-127', 'Econ 1011', 'acc', '2', '2012', '2021-04-18 13:31:21', '2021-04-18 13:31:21'),
(141, '872', '81', 'fr', '5', '1', 'Inst-111', 'Acc-201', 'badm', '2', '2012', '2021-04-18 13:31:21', '2021-04-18 13:31:21'),
(142, '873', '83', 'mo', '5', '1', 'Inst-126', 'MGMT-212', 'badm', '2', '2012', '2021-04-18 13:31:21', '2021-04-18 13:31:21'),
(143, '874', '83', 'tu', '5', '1', 'Inst-153', 'Enla-1011', 'badm', '2', '2012', '2021-04-18 13:31:21', '2021-04-18 13:31:21'),
(144, '875', '83', 'we', '5', '1', 'Inst-146', 'Econ 1011', 'badm', '2', '2012', '2021-04-18 13:31:21', '2021-04-18 13:31:21'),
(145, '876', '83', 'th', '5', '2', 'Inst-111', 'Acc-201', 'badm', '2', '2012', '2021-04-18 13:31:22', '2021-04-18 13:31:22'),
(146, '877', '83', 'fr', '5', '2', 'Inst-126', 'MGMT-212', 'badm', '2', '2012', '2021-04-18 13:31:22', '2021-04-18 13:31:22'),
(147, '878', '84', 'mo', '5', '2', 'Inst-148', 'Enla-1011', 'badm', '2', '2012', '2021-04-18 13:31:22', '2021-04-18 13:31:22'),
(148, '879', '84', 'tu', '5', '2', 'Inst-146', 'Econ 1011', 'badm', '2', '2012', '2021-04-18 13:31:22', '2021-04-18 13:31:22'),
(149, '880', '84', 'we', '5', '3', 'Inst-111', 'Acc-201', 'badm', '2', '2012', '2021-04-18 13:31:22', '2021-04-18 13:31:22'),
(150, '881', '84', 'th', '5', '3', 'Inst-126', 'MGMT-212', 'badm', '2', '2012', '2021-04-18 13:31:22', '2021-04-18 13:31:22'),
(151, '882', '84', 'fr', '5', '3', 'Inst-148', 'Enla-1011', 'badm', '2', '2012', '2021-04-18 13:31:22', '2021-04-18 13:31:22'),
(152, '883', '85', 'mo', '5', '3', 'Inst-123', 'Econ 1011', 'badm', '2', '2012', '2021-04-18 13:31:22', '2021-04-18 13:31:22'),
(153, '820', '85', 'tu', '5', '1', 'Inst-136', 'CoSc1011', 'cs', '2', '2012', '2021-04-18 13:31:22', '2021-04-18 13:31:22'),
(154, '821', '85', 'we', '5', '1', 'Inst-137', 'CoSc1013', 'cs', '2', '2012', '2021-04-18 13:31:22', '2021-04-18 13:31:22'),
(155, '822', '85', 'th', '5', '1', 'Inst-155', 'FlEn1011', 'cs', '2', '2012', '2021-04-18 13:31:23', '2021-04-18 13:31:23'),
(156, '823', '85', 'fr', '5', '1', 'Inst-135', 'Econ 1011', 'cs', '2', '2012', '2021-04-18 13:31:23', '2021-04-18 13:31:23'),
(157, '824', '86', 'mo', '5', '2', 'Inst-136', 'CoSc1011', 'cs', '2', '2012', '2021-04-18 13:31:23', '2021-04-18 13:31:23'),
(158, '825', '86', 'tu', '5', '2', 'Inst-137', 'CoSc1013', 'cs', '2', '2012', '2021-04-18 13:31:23', '2021-04-18 13:31:23'),
(159, '826', '86', 'we', '5', '2', 'Inst-155', 'FlEn1011', 'cs', '2', '2012', '2021-04-18 13:31:23', '2021-04-18 13:31:23'),
(160, '827', '86', 'th', '5', '2', 'Inst-135', 'Econ 1011', 'cs', '2', '2012', '2021-04-18 13:31:23', '2021-04-18 13:31:23'),
(161, '892', '86', 'fr', '5', '1', 'Inst-123', 'Acct 2201', 'eco', '2', '2012', '2021-04-18 13:31:23', '2021-04-18 13:31:23'),
(162, '893', '87', 'mo', '5', '1', 'Inst-154', 'Psyc 1011', 'eco', '2', '2012', '2021-04-18 13:31:23', '2021-04-18 13:31:23'),
(163, '894', '87', 'tu', '5', '1', 'Inst-147', 'EnLa 1161', 'eco', '2', '2012', '2021-04-18 13:31:24', '2021-04-18 13:31:24'),
(164, '895', '87', 'we', '5', '1', 'Inst-123', 'Econ 1011', 'eco', '2', '2012', '2021-04-18 13:31:24', '2021-04-18 13:31:24'),
(165, '896', '87', 'th', '5', '2', 'Inst-123', 'Acct 2201', 'eco', '2', '2012', '2021-04-18 13:31:24', '2021-04-18 13:31:24'),
(166, '897', '87', 'fr', '5', '2', 'Inst-154', 'Psyc 1011', 'eco', '2', '2012', '2021-04-18 13:31:24', '2021-04-18 13:31:24'),
(167, '898', '34', 'we', '5', '2', 'Inst-147', 'EnLa 1161', 'eco', '2', '2012', '2021-04-18 13:31:24', '2021-04-18 13:31:24'),
(168, '899', '35', 'mo', '5', '2', 'Inst-128', 'Econ 1011', 'eco', '2', '2012', '2021-04-18 13:31:24', '2021-04-18 13:31:24'),
(169, '828', '35', 'tu', '5', '1', 'Inst-122', 'MIS 101', 'mis', '2', '2012', '2021-04-18 13:31:24', '2021-04-18 13:31:24'),
(170, '829', '35', 'we', '5', '1', 'Inst-141', 'Math1011', 'mis', '2', '2012', '2021-04-18 13:31:24', '2021-04-18 13:31:24'),
(171, '830', '35', 'th', '5', '1', 'Inst-162', 'FlEn1011', 'mis', '2', '2012', '2021-04-18 13:31:24', '2021-04-18 13:31:24'),
(172, '831', '35', 'fr', '5', '1', 'Inst-125', 'Econ.1011', 'mis', '2', '2012', '2021-04-18 13:31:24', '2021-04-18 13:31:24'),
(173, '884', '36', 'mo', '5', '1', 'Inst-112', 'Acc-201', 'mng', '2', '2012', '2021-04-18 13:31:25', '2021-04-18 13:31:25'),
(174, '885', '36', 'tu', '5', '1', 'Inst-126', 'MGMT-212', 'mng', '2', '2012', '2021-04-18 13:31:25', '2021-04-18 13:31:25'),
(175, '886', '36', 'we', '5', '1', 'Inst-149', 'Enla-1011', 'mng', '2', '2012', '2021-04-18 13:31:25', '2021-04-18 13:31:25'),
(176, '887', '36', 'th', '5', '1', 'Inst-134', 'Econ 1011', 'mng', '2', '2012', '2021-04-18 13:31:25', '2021-04-18 13:31:25'),
(177, '888', '36', 'fr', '5', '2', 'Inst-112', 'Acc-201', 'mng', '2', '2012', '2021-04-18 13:31:25', '2021-04-18 13:31:25'),
(178, '889', '37', 'we', '5', '2', 'Inst-126', 'MGMT-212', 'mng', '2', '2012', '2021-04-18 13:31:25', '2021-04-18 13:31:25'),
(179, '890', '37', 'th', '5', '2', 'Inst-149', 'Enla-1011', 'mng', '2', '2012', '2021-04-18 13:31:25', '2021-04-18 13:31:25'),
(180, '891', '38', 'mo', '5', '2', 'Inst-134', 'Econ 1011', 'mng', '2', '2012', '2021-04-18 13:31:25', '2021-04-18 13:31:25'),
(181, '900', '38', 'tu', '5', '1', 'Inst-128', 'Acct 2201', 'mrk', '2', '2012', '2021-04-18 13:31:25', '2021-04-18 13:31:25'),
(182, '901', '38', 'we', '5', '1', 'Inst-130', 'Mgt 201', 'mrk', '2', '2012', '2021-04-18 13:31:25', '2021-04-18 13:31:25'),
(183, '902', '38', 'th', '5', '1', 'Inst-140', 'EnLa 1161', 'mrk', '2', '2012', '2021-04-18 13:31:26', '2021-04-18 13:31:26'),
(184, '903', '38', 'fr', '5', '1', 'Inst-144', 'Econ 1011', 'mrk', '2', '2012', '2021-04-18 13:31:26', '2021-04-18 13:31:26'),
(185, '644', '27', 'sat', '11', '1', 'Inst-113', 'ACFn 1031', 'acc', '3', '2012', '2021-04-18 13:32:28', '2021-04-18 13:32:28'),
(186, '645', '27', 'sat', '12', '1', 'Inst-115', 'Mgmt 1051', 'acc', '3', '2012', '2021-04-18 13:32:28', '2021-04-18 13:32:28'),
(187, '646', '27', 'sat', '13', '1', 'Inst-123', 'EnLa 1011', 'acc', '3', '2012', '2021-04-18 13:32:28', '2021-04-18 13:32:28'),
(188, '647', '27', 'sun', '11', '1', 'Inst-117', 'Econ 1011', 'acc', '3', '2012', '2021-04-18 13:32:28', '2021-04-18 13:32:28'),
(189, '648', '27', 'sun', '12', '2', 'Inst-113', 'ACFn 1031', 'acc', '3', '2012', '2021-04-18 13:32:28', '2021-04-18 13:32:28'),
(190, '649', '27', 'sun', '13', '2', 'Inst-115', 'Mgmt 1051', 'acc', '3', '2012', '2021-04-18 13:32:28', '2021-04-18 13:32:28'),
(191, '650', '27', 'sun', '14', '2', 'Inst-124', 'EnLa 1011', 'acc', '3', '2012', '2021-04-18 13:32:28', '2021-04-18 13:32:28'),
(192, '651', '28', 'sat', '11', '2', 'Inst-117', 'Econ 1011', 'acc', '3', '2012', '2021-04-18 13:32:28', '2021-04-18 13:32:28'),
(193, '652', '28', 'sat', '12', '3', 'Inst-113', 'ACFn 1031', 'acc', '3', '2012', '2021-04-18 13:32:28', '2021-04-18 13:32:28'),
(194, '653', '28', 'sat', '13', '3', 'Inst-115', 'Mgmt 1051', 'acc', '3', '2012', '2021-04-18 13:32:28', '2021-04-18 13:32:28'),
(195, '654', '28', 'sat', '14', '3', 'Inst-150', 'EnLa 1011', 'acc', '3', '2012', '2021-04-18 13:32:28', '2021-04-18 13:32:28'),
(196, '655', '28', 'sun', '12', '3', 'Inst-117', 'Econ 1011', 'acc', '3', '2012', '2021-04-18 13:32:28', '2021-04-18 13:32:28'),
(197, '656', '28', 'sun', '13', '4', 'Inst-118', 'ACFn 1031', 'acc', '3', '2012', '2021-04-18 13:32:28', '2021-04-18 13:32:28'),
(198, '657', '28', 'sun', '14', '4', 'Inst-119', 'Mgmt 1051', 'acc', '3', '2012', '2021-04-18 13:32:29', '2021-04-18 13:32:29'),
(199, '658', '28', 'sun', '15', '4', 'Inst-120', 'EnLa 1011', 'acc', '3', '2012', '2021-04-18 13:32:29', '2021-04-18 13:32:29'),
(200, '659', '29', 'sat', '11', '4', 'Inst-121', 'Econ 1011', 'acc', '3', '2012', '2021-04-18 13:32:29', '2021-04-18 13:32:29'),
(201, '660', '29', 'sat', '12', '5', 'Inst-118', 'ACFn 1031', 'acc', '3', '2012', '2021-04-18 13:32:29', '2021-04-18 13:32:29'),
(202, '661', '29', 'sat', '13', '5', 'Inst-119', 'Mgmt 1051', 'acc', '3', '2012', '2021-04-18 13:32:29', '2021-04-18 13:32:29'),
(203, '662', '29', 'sat', '14', '5', 'Inst-120', 'EnLa 1011', 'acc', '3', '2012', '2021-04-18 13:32:29', '2021-04-18 13:32:29'),
(204, '663', '29', 'sun', '11', '5', 'Inst-121', 'Econ 1011', 'acc', '3', '2012', '2021-04-18 13:32:29', '2021-04-18 13:32:29'),
(205, '664', '29', 'sun', '12', '6', 'Inst-118', 'ACFn 1031', 'acc', '3', '2012', '2021-04-18 13:32:29', '2021-04-18 13:32:29'),
(206, '665', '29', 'sun', '13', '6', 'Inst-119', 'Mgmt 1051', 'acc', '3', '2012', '2021-04-18 13:32:29', '2021-04-18 13:32:29'),
(207, '666', '29', 'sun', '14', '6', 'Inst-120', 'EnLa 1011', 'acc', '3', '2012', '2021-04-18 13:32:29', '2021-04-18 13:32:29'),
(208, '667', '30', 'sat', '12', '6', 'Inst-121', 'Econ 1011', 'acc', '3', '2012', '2021-04-18 13:32:29', '2021-04-18 13:32:29'),
(209, '680', '30', 'sat', '13', '1', 'Inst-111', 'Acc-201', 'badm', '3', '2012', '2021-04-18 13:32:29', '2021-04-18 13:32:29'),
(210, '681', '30', 'sat', '14', '1', 'Inst-126', 'MGMT-212', 'badm', '3', '2012', '2021-04-18 13:32:29', '2021-04-18 13:32:29'),
(211, '682', '30', 'sat', '15', '1', 'Inst-153', 'Enla-1011', 'badm', '3', '2012', '2021-04-18 13:32:30', '2021-04-18 13:32:30'),
(212, '683', '30', 'sun', '11', '1', 'Inst-131', 'Econ 1011', 'badm', '3', '2012', '2021-04-18 13:32:30', '2021-04-18 13:32:30'),
(213, '684', '30', 'sun', '12', '2', 'Inst-111', 'Acc-201', 'badm', '3', '2012', '2021-04-18 13:32:30', '2021-04-18 13:32:30'),
(214, '685', '30', 'sun', '13', '2', 'Inst-126', 'MGMT-212', 'badm', '3', '2012', '2021-04-18 13:32:30', '2021-04-18 13:32:30'),
(215, '686', '30', 'sun', '14', '2', 'Inst-153', 'Enla-1011', 'badm', '3', '2012', '2021-04-18 13:32:30', '2021-04-18 13:32:30'),
(216, '687', '31', 'sat', '11', '2', 'Inst-131', 'Econ 1011', 'badm', '3', '2012', '2021-04-18 13:32:30', '2021-04-18 13:32:30'),
(217, '688', '31', 'sat', '12', '3', 'Inst-111', 'Acc-201', 'badm', '3', '2012', '2021-04-18 13:32:30', '2021-04-18 13:32:30'),
(218, '689', '31', 'sat', '13', '3', 'Inst-126', 'MGMT-212', 'badm', '3', '2012', '2021-04-18 13:32:30', '2021-04-18 13:32:30'),
(219, '690', '31', 'sat', '14', '3', 'Inst-153', 'Enla-1011', 'badm', '3', '2012', '2021-04-18 13:32:30', '2021-04-18 13:32:30'),
(220, '691', '31', 'sun', '12', '3', 'Inst-131', 'Econ 1011', 'badm', '3', '2012', '2021-04-18 13:32:30', '2021-04-18 13:32:30'),
(221, '596', '31', 'sun', '13', '1', 'Inst-136', 'CoSc1011', 'cs', '3', '2012', '2021-04-18 13:32:30', '2021-04-18 13:32:30'),
(222, '597', '31', 'sun', '14', '1', 'Inst-137', 'CoSc1013', 'cs', '3', '2012', '2021-04-18 13:32:30', '2021-04-18 13:32:30'),
(223, '598', '31', 'sun', '15', '1', 'Inst-155', 'FlEn1011', 'cs', '3', '2012', '2021-04-18 13:32:30', '2021-04-18 13:32:30'),
(224, '599', '32', 'sat', '11', '1', 'Inst-135', 'Econ 1011', 'cs', '3', '2012', '2021-04-18 13:32:30', '2021-04-18 13:32:30'),
(225, '716', '32', 'sat', '14', '1', 'Inst-115', 'Acct 2201', 'eco', '3', '2012', '2021-04-18 13:32:31', '2021-04-18 13:32:31'),
(226, '717', '32', 'sat', '15', '1', 'Inst-154', 'Psyc 1011', 'eco', '3', '2012', '2021-04-18 13:32:31', '2021-04-18 13:32:31'),
(227, '718', '32', 'sat', '16', '1', 'Inst-157', 'EnLa 1161', 'eco', '3', '2012', '2021-04-18 13:32:31', '2021-04-18 13:32:31'),
(228, '719', '32', 'sun', '11', '1', 'Inst-132', 'Econ 1011', 'eco', '3', '2012', '2021-04-18 13:32:31', '2021-04-18 13:32:31'),
(229, '720', '32', 'sun', '12', '1', 'Inst-160', 'Anat 1031', 'ho', '3', '2012', '2021-04-18 13:32:31', '2021-04-18 13:32:31'),
(230, '721', '32', 'sun', '13', '1', 'Inst-158', 'Phyl 1032', 'ho', '3', '2012', '2021-04-18 13:32:31', '2021-04-18 13:32:31'),
(231, '722', '32', 'sun', '14', '1', 'Inst-160', 'Chem. 1041', 'ho', '3', '2012', '2021-04-18 13:32:32', '2021-04-18 13:32:32'),
(232, '723', '33', 'sat', '11', '1', 'Inst-161', 'Chem. 1042', 'ho', '3', '2012', '2021-04-18 13:32:32', '2021-04-18 13:32:32'),
(233, '700', '33', 'sat', '14', '1', 'Inst-111', 'Acc-201', 'mng', '3', '2012', '2021-04-18 13:32:32', '2021-04-18 13:32:32'),
(234, '701', '33', 'sat', '15', '1', 'Inst-126', 'MGMT-212', 'mng', '3', '2012', '2021-04-18 13:32:32', '2021-04-18 13:32:32'),
(235, '702', '33', 'sun', '11', '1', 'Inst-157', 'Enla-1011', 'mng', '3', '2012', '2021-04-18 13:32:32', '2021-04-18 13:32:32'),
(236, '703', '33', 'sun', '12', '1', 'Inst-134', 'Econ 1011', 'mng', '3', '2012', '2021-04-18 13:32:32', '2021-04-18 13:32:32'),
(237, '704', '33', 'sun', '13', '2', 'Inst-111', 'Acc-201', 'mng', '3', '2012', '2021-04-18 13:32:32', '2021-04-18 13:32:32'),
(238, '705', '33', 'sun', '14', '2', 'Inst-126', 'MGMT-212', 'mng', '3', '2012', '2021-04-18 13:32:32', '2021-04-18 13:32:32'),
(239, '706', '33', 'sun', '15', '2', 'Inst-157', 'Enla-1011', 'mng', '3', '2012', '2021-04-18 13:32:32', '2021-04-18 13:32:32'),
(240, '707', '80', 'sat', '11', '2', 'Inst-134', 'Econ 1011', 'mng', '3', '2012', '2021-04-18 13:32:33', '2021-04-18 13:32:33'),
(241, '724', '80', 'sat', '12', '1', 'Inst-160', 'ANAT 121', 'nrs', '3', '2012', '2021-04-18 13:32:33', '2021-04-18 13:32:33'),
(242, '725', '80', 'sat', '13', '1', 'Inst-161', 'PHYL 121', 'nrs', '3', '2012', '2021-04-18 13:32:33', '2021-04-18 13:32:33'),
(243, '726', '80', 'sat', '14', '1', 'Inst-156', 'NURS 101', 'nrs', '3', '2012', '2021-04-18 13:32:33', '2021-04-18 13:32:33'),
(244, '727', '80', 'sun', '11', '1', 'Inst-159', 'PARA 221', 'nrs', '3', '2012', '2021-04-18 13:32:33', '2021-04-18 13:32:33'),
(245, '728', '80', 'sun', '12', '1', 'Inst-150', 'FLEn 101', 'nrs', '3', '2012', '2021-04-18 13:32:33', '2021-04-18 13:32:33'),
(246, '729', '80', 'sun', '13', '1', 'Inst-134', 'SOSA101', 'nrs', '3', '2012', '2021-04-18 13:32:34', '2021-04-18 13:32:34'),
(247, '730', '80', 'sun', '15', '2', 'Inst-160', 'ANAT 121', 'nrs', '3', '2012', '2021-04-18 13:32:34', '2021-04-18 13:32:34'),
(248, '731', '80', 'sun', '16', '2', 'Inst-152', 'PHYL 121', 'nrs', '3', '2012', '2021-04-18 13:32:34', '2021-04-18 13:32:34'),
(249, '732', '81', 'sat', '11', '2', 'Inst-156', 'NURS 101', 'nrs', '3', '2012', '2021-04-18 13:32:34', '2021-04-18 13:32:34'),
(250, '733', '81', 'sat', '12', '2', 'Inst-159', 'PARA 221', 'nrs', '3', '2012', '2021-04-18 13:32:34', '2021-04-18 13:32:34'),
(251, '734', '81', 'sat', '13', '2', 'Inst-150', 'FLEn 101', 'nrs', '3', '2012', '2021-04-18 13:32:34', '2021-04-18 13:32:34'),
(252, '735', '81', 'sun', '11', '2', 'Inst-134', 'SOSA101', 'nrs', '3', '2012', '2021-04-18 13:32:34', '2021-04-18 13:32:34'),
(253, '170', '27', 'mo', '1', '1', 'Inst-111', 'ACFn 1031', 'acc', '1', '2013', '2021-04-18 13:32:53', '2021-04-18 13:32:53'),
(254, '171', '27', 'mo', '2', '1', 'Inst-112', 'Mgmt 1051', 'acc', '1', '2013', '2021-04-18 13:32:53', '2021-04-18 13:32:53'),
(255, '172', '27', 'tu', '3', '1', 'Inst-150', 'EnLa 1011', 'acc', '1', '2013', '2021-04-18 13:32:54', '2021-04-18 13:32:54'),
(256, '173', '27', 'tu', '4', '1', 'Inst-131', 'Econ 1011', 'acc', '1', '2013', '2021-04-18 13:32:54', '2021-04-18 13:32:54'),
(257, '174', '27', 'we', '1', '2', 'Inst-111', 'ACFn 1031', 'acc', '1', '2013', '2021-04-18 13:32:54', '2021-04-18 13:32:54'),
(258, '175', '27', 'we', '2', '2', 'Inst-112', 'Mgmt 1051', 'acc', '1', '2013', '2021-04-18 13:32:54', '2021-04-18 13:32:54'),
(259, '176', '27', 'fr', '1', '2', 'Inst-150', 'EnLa 1011', 'acc', '1', '2013', '2021-04-18 13:32:54', '2021-04-18 13:32:54'),
(260, '177', '27', 'fr', '2', '2', 'Inst-131', 'Econ 1011', 'acc', '1', '2013', '2021-04-18 13:32:54', '2021-04-18 13:32:54'),
(261, '214', '27', 'fr', '3', '1', 'Inst-113', 'Acc-201', 'badm', '1', '2013', '2021-04-18 13:32:54', '2021-04-18 13:32:54'),
(262, '215', '27', 'fr', '4', '1', 'Inst-124', 'MGMT-212', 'badm', '1', '2013', '2021-04-18 13:32:54', '2021-04-18 13:32:54'),
(263, '216', '28', 'mo', '1', '1', 'Inst-145', 'Enla-100', 'badm', '1', '2013', '2021-04-18 13:32:54', '2021-04-18 13:32:54'),
(264, '217', '28', 'mo', '2', '1', 'Inst-133', 'Econ.1011', 'badm', '1', '2013', '2021-04-18 13:32:54', '2021-04-18 13:32:54'),
(265, '218', '28', 'we', '2', '1', 'Inst-154', 'LoCT 1011', 'badm', '1', '2013', '2021-04-18 13:32:55', '2021-04-18 13:32:55'),
(266, '219', '28', 'we', '3', '1', 'Inst-156', 'SpSc 1011', 'badm', '1', '2013', '2021-04-18 13:32:55', '2021-04-18 13:32:55'),
(267, '152', '28', 'we', '4', '1', 'Inst-136', 'CoSc1011', 'cs', '1', '2013', '2021-04-18 13:32:55', '2021-04-18 13:32:55'),
(268, '153', '28', 'fr', '1', '1', 'Inst-137', 'CoSc1013', 'cs', '1', '2013', '2021-04-18 13:32:55', '2021-04-18 13:32:55'),
(269, '154', '28', 'fr', '2', '1', 'Inst-155', 'FlEn1011', 'cs', '1', '2013', '2021-04-18 13:32:55', '2021-04-18 13:32:55'),
(270, '155', '29', 'mo', '1', '1', 'Inst-135', 'Econ 1011', 'cs', '1', '2013', '2021-04-18 13:32:55', '2021-04-18 13:32:55'),
(271, '156', '29', 'mo', '2', '1', 'Inst-154', 'LoCT 1011', 'cs', '1', '2013', '2021-04-18 13:32:55', '2021-04-18 13:32:55'),
(272, '157', '29', 'tu', '3', '1', 'Inst-156', 'SpSc', 'cs', '1', '2013', '2021-04-18 13:32:56', '2021-04-18 13:32:56'),
(273, '258', '29', 'we', '1', '1', 'Inst-115', 'Acct 2201', 'eco', '1', '2013', '2021-04-18 13:32:56', '2021-04-18 13:32:56'),
(274, '259', '29', 'we', '2', '1', 'Inst-157', 'EnLa 1161', 'eco', '1', '2013', '2021-04-18 13:32:56', '2021-04-18 13:32:56'),
(275, '260', '29', 'th', '3', '1', 'Inst-134', 'Econ 1011', 'eco', '1', '2013', '2021-04-18 13:32:56', '2021-04-18 13:32:56'),
(276, '261', '29', 'th', '4', '1', 'Inst-159', 'LoCT 1011', 'eco', '1', '2013', '2021-04-18 13:32:56', '2021-04-18 13:32:56'),
(277, '262', '29', 'fr', '2', '1', 'Inst-154', 'Psyc 1011', 'eco', '1', '2013', '2021-04-18 13:32:56', '2021-04-18 13:32:56'),
(278, '263', '29', 'fr', '3', '1', 'Inst-156', 'Spsc 1011', 'eco', '1', '2013', '2021-04-18 13:32:56', '2021-04-18 13:32:56'),
(279, '228', '29', 'fr', '4', '1', 'Inst-114', 'Acc-201', 'mng', '1', '2013', '2021-04-18 13:32:56', '2021-04-18 13:32:56'),
(280, '229', '30', 'mo', '1', '1', 'Inst-125', 'MGMT-212', 'mng', '1', '2013', '2021-04-18 13:32:56', '2021-04-18 13:32:56'),
(281, '230', '30', 'mo', '2', '1', 'Inst-153', 'Enla-100', 'mng', '1', '2013', '2021-04-18 13:32:56', '2021-04-18 13:32:56'),
(282, '231', '30', 'tu', '4', '1', 'Inst-133', 'Econ.1011', 'mng', '1', '2013', '2021-04-18 13:32:57', '2021-04-18 13:32:57'),
(283, '232', '30', 'we', '1', '1', 'Inst-159', 'LoCT', 'mng', '1', '2013', '2021-04-18 13:32:57', '2021-04-18 13:32:57'),
(284, '233', '30', 'we', '2', '1', 'Inst-156', 'Spsc 1011', 'mng', '1', '2013', '2021-04-18 13:32:57', '2021-04-18 13:32:57'),
(285, '305', '30', 'we', '3', '1', 'Inst-160', 'ANAT 121', 'nrs', '1', '2013', '2021-04-18 13:32:57', '2021-04-18 13:32:57'),
(286, '306', '30', 'we', '4', '1', 'Inst-161', 'PHYL 121', 'nrs', '1', '2013', '2021-04-18 13:32:57', '2021-04-18 13:32:57'),
(287, '307', '30', 'th', '1', '1', 'Inst-158', 'NURS 101', 'nrs', '1', '2013', '2021-04-18 13:32:57', '2021-04-18 13:32:57'),
(288, '308', '30', 'fr', '1', '1', 'Inst-162', 'PARA 221', 'nrs', '1', '2013', '2021-04-18 13:32:57', '2021-04-18 13:32:57'),
(289, '309', '30', 'fr', '2', '1', 'Inst-150', 'FLEn 101', 'nrs', '1', '2013', '2021-04-18 13:32:57', '2021-04-18 13:32:57'),
(290, '310', '31', 'mo', '3', '1', 'Inst-134', 'SOSA101', 'nrs', '1', '2013', '2021-04-18 13:32:57', '2021-04-18 13:32:57'),
(291, '311', '31', 'mo', '4', '1', 'Inst-156', 'SpSc1023', 'nrs', '1', '2013', '2021-04-18 13:32:57', '2021-04-18 13:32:57'),
(292, '312', '31', 'tu', '3', '1', 'Inst-151', 'CIVS1011', 'nrs', '1', '2013', '2021-04-18 13:32:57', '2021-04-18 13:32:57'),
(293, '313', '31', 'tu', '4', '1', 'Inst-154', 'LoCT1011', 'nrs', '1', '2013', '2021-04-18 13:32:57', '2021-04-18 13:32:57'),
(294, '276', '31', 'we', '1', '1', 'Inst-162', 'Anat 1031', 'pha', '1', '2013', '2021-04-18 13:32:58', '2021-04-18 13:32:58'),
(295, '277', '31', 'we', '2', '1', 'Inst-158', 'Phyl 1032', 'pha', '1', '2013', '2021-04-18 13:32:58', '2021-04-18 13:32:58'),
(296, '278', '31', 'th', '4', '1', 'Inst-160', 'Chem. 1041', 'pha', '1', '2013', '2021-04-18 13:32:58', '2021-04-18 13:32:58'),
(297, '279', '31', 'fr', '1', '1', 'Inst-161', 'Chem. 1042', 'pha', '1', '2013', '2021-04-18 13:32:58', '2021-04-18 13:32:58'),
(298, '280', '31', 'fr', '2', '1', 'Inst-157', 'FlEn 1011', 'pha', '1', '2013', '2021-04-18 13:32:58', '2021-04-18 13:32:58'),
(299, '281', '32', 'mo', '1', '1', 'Inst-160', 'soAnt 1011', 'pha', '1', '2013', '2021-04-18 13:32:58', '2021-04-18 13:32:58'),
(300, '282', '32', 'mo', '3', '1', 'Inst-154', 'loCT 1011', 'pha', '1', '2013', '2021-04-18 13:32:58', '2021-04-18 13:32:58'),
(301, '283', '32', 'tu', '1', '1', 'Inst-151', 'Moced 1011', 'pha', '1', '2013', '2021-04-18 13:32:58', '2021-04-18 13:32:58'),
(302, '284', '32', 'tu', '4', '1', 'Inst-156', 'Spsc 1011', 'pha', '1', '2013', '2021-04-18 13:32:58', '2021-04-18 13:32:58'),
(303, '178', '33', 'mo', '5', '1', 'Inst-113', 'ACFn 1031', 'acc', '2', '2013', '2021-04-18 13:33:34', '2021-04-18 13:33:34'),
(304, '179', '33', 'we', '5', '1', 'Inst-131', 'Mgmt 1051', 'acc', '2', '2013', '2021-04-18 13:33:36', '2021-04-18 13:33:36'),
(305, '180', '33', 'th', '5', '1', 'Inst-150', 'EnLa 1011', 'acc', '2', '2013', '2021-04-18 13:33:36', '2021-04-18 13:33:36'),
(306, '181', '33', 'fr', '5', '1', 'Inst-131', 'Econ 1011', 'acc', '2', '2013', '2021-04-18 13:33:36', '2021-04-18 13:33:36'),
(307, '182', '34', 'mo', '5', '2', 'Inst-149', 'ACFn 1031', 'acc', '2', '2013', '2021-04-18 13:33:36', '2021-04-18 13:33:36'),
(308, '183', '34', 'tu', '5', '2', 'Inst-113', 'Mgmt 1051', 'acc', '2', '2013', '2021-04-18 13:33:36', '2021-04-18 13:33:36'),
(309, '184', '34', 'fr', '5', '2', 'Inst-150', 'EnLa 1011', 'acc', '2', '2013', '2021-04-18 13:33:36', '2021-04-18 13:33:36'),
(310, '186', '39', 'we', '5', '3', 'Inst-112', 'Mgmt 1051', 'acc', '2', '2013', '2021-04-18 13:33:37', '2021-04-18 13:33:37'),
(311, '187', '39', 'th', '5', '3', 'Inst-122', 'ACFn 1031', 'acc', '2', '2013', '2021-04-18 13:33:37', '2021-04-18 13:33:37'),
(312, '188', '39', 'fr', '5', '3', 'Inst-145', 'EnLa 1011', 'acc', '2', '2013', '2021-04-18 13:33:37', '2021-04-18 13:33:37'),
(313, '189', '40', 'mo', '5', '3', 'Inst-132', 'Econ 1011', 'acc', '2', '2013', '2021-04-18 13:33:37', '2021-04-18 13:33:37'),
(314, '190', '40', 'tu', '5', '4', 'Inst-118', 'ACFn 1031', 'acc', '2', '2013', '2021-04-18 13:33:37', '2021-04-18 13:33:37'),
(315, '191', '40', 'we', '5', '4', 'Inst-120', 'Mgmt 1051', 'acc', '2', '2013', '2021-04-18 13:33:37', '2021-04-18 13:33:37'),
(316, '192', '40', 'th', '5', '4', 'Inst-145', 'EnLa 1011', 'acc', '2', '2013', '2021-04-18 13:33:37', '2021-04-18 13:33:37'),
(317, '193', '40', 'fr', '5', '4', 'Inst-132', 'Econ 1011', 'acc', '2', '2013', '2021-04-18 13:33:37', '2021-04-18 13:33:37'),
(318, '194', '41', 'mo', '5', '5', 'Inst-118', 'ACFn 1031', 'acc', '2', '2013', '2021-04-18 13:33:37', '2021-04-18 13:33:37'),
(319, '195', '41', 'th', '5', '5', 'Inst-120', 'Mgmt 1051', 'acc', '2', '2013', '2021-04-18 13:33:38', '2021-04-18 13:33:38'),
(320, '196', '42', 'tu', '5', '5', 'Inst-145', 'EnLa 1011', 'acc', '2', '2013', '2021-04-18 13:33:38', '2021-04-18 13:33:38'),
(321, '197', '42', 'fr', '5', '5', 'Inst-141', 'Econ 1011', 'acc', '2', '2013', '2021-04-18 13:33:38', '2021-04-18 13:33:38'),
(322, '198', '43', 'we', '5', '6', 'Inst-118', 'ACFn 1031', 'acc', '2', '2013', '2021-04-18 13:33:38', '2021-04-18 13:33:38'),
(323, '199', '43', 'th', '5', '6', 'Inst-142', 'Mgmt 1051', 'acc', '2', '2013', '2021-04-18 13:33:38', '2021-04-18 13:33:38'),
(324, '200', '44', 'mo', '5', '6', 'Inst-145', 'EnLa 1011', 'acc', '2', '2013', '2021-04-18 13:33:38', '2021-04-18 13:33:38'),
(325, '201', '44', 'tu', '5', '6', 'Inst-132', 'Econ 1011', 'acc', '2', '2013', '2021-04-18 13:33:38', '2021-04-18 13:33:38'),
(326, '220', '44', 'th', '5', '1', 'Inst-130', 'Acc-201', 'badm', '2', '2013', '2021-04-18 13:33:38', '2021-04-18 13:33:38'),
(327, '221', '45', 'mo', '5', '1', 'Inst-124', 'MGMT-212', 'badm', '2', '2013', '2021-04-18 13:33:38', '2021-04-18 13:33:38'),
(328, '222', '45', 'tu', '5', '1', 'Inst-157', 'Enla-100', 'badm', '2', '2013', '2021-04-18 13:33:38', '2021-04-18 13:33:38'),
(329, '223', '45', 'we', '5', '1', 'Inst-133', 'Econ.1011', 'badm', '2', '2013', '2021-04-18 13:33:38', '2021-04-18 13:33:38'),
(330, '224', '45', 'th', '5', '2', 'Inst-131', 'Acc-201', 'badm', '2', '2013', '2021-04-18 13:33:39', '2021-04-18 13:33:39'),
(331, '225', '60', 'we', '5', '2', 'Inst-132', 'MGMT-212', 'badm', '2', '2013', '2021-04-18 13:33:39', '2021-04-18 13:33:39'),
(332, '226', '60', 'fr', '5', '2', 'Inst-157', 'Enla-100', 'badm', '2', '2013', '2021-04-18 13:33:39', '2021-04-18 13:33:39'),
(333, '227', '61', 'mo', '5', '2', 'Inst-133', 'Econ.1011', 'badm', '2', '2013', '2021-04-18 13:33:39', '2021-04-18 13:33:39'),
(334, '158', '61', 'we', '5', '1', 'Inst-136', 'CoSc1011', 'cs', '2', '2013', '2021-04-18 13:33:39', '2021-04-18 13:33:39'),
(335, '159', '61', 'th', '5', '1', 'Inst-137', 'CoSc1013', 'cs', '2', '2013', '2021-04-18 13:33:39', '2021-04-18 13:33:39'),
(336, '160', '61', 'fr', '5', '1', 'Inst-155', 'FlEn1011', 'cs', '2', '2013', '2021-04-18 13:33:39', '2021-04-18 13:33:39'),
(337, '161', '62', 'mo', '5', '1', 'Inst-135', 'Econ 1011', 'cs', '2', '2013', '2021-04-18 13:33:39', '2021-04-18 13:33:39'),
(338, '264', '62', 'we', '5', '1', 'Inst-115', 'Acct 2201', 'eco', '2', '2013', '2021-04-18 13:33:39', '2021-04-18 13:33:39'),
(339, '265', '62', 'th', '5', '1', 'Inst-157', 'EnLa 1161', 'eco', '2', '2013', '2021-04-18 13:33:39', '2021-04-18 13:33:39'),
(340, '266', '62', 'fr', '5', '1', 'Inst-134', 'Econ 1011', 'eco', '2', '2013', '2021-04-18 13:33:39', '2021-04-18 13:33:39'),
(341, '267', '65', 'mo', '5', '1', 'Inst-159', 'LoCT 1011', 'eco', '2', '2013', '2021-04-18 13:33:39', '2021-04-18 13:33:39'),
(342, '166', '65', 'fr', '5', '1', 'Inst-137', 'MIS 101', 'mis', '2', '2013', '2021-04-18 13:33:39', '2021-04-18 13:33:39'),
(343, '167', '66', 'mo', '5', '1', 'Inst-152', 'Math1011', 'mis', '2', '2013', '2021-04-18 13:33:39', '2021-04-18 13:33:39'),
(344, '168', '66', 'tu', '5', '1', 'Inst-149', 'FlEn1011', 'mis', '2', '2013', '2021-04-18 13:33:40', '2021-04-18 13:33:40'),
(345, '169', '66', 'th', '5', '1', 'Inst-133', 'Econ.1011', 'mis', '2', '2013', '2021-04-18 13:33:40', '2021-04-18 13:33:40'),
(346, '272', '68', 'mo', '5', '1', 'Inst-141', 'Acct 2201', 'mkt', '2', '2013', '2021-04-18 13:33:40', '2021-04-18 13:33:40'),
(347, '273', '68', 'tu', '5', '1', 'Inst-130', 'Mgt 201', 'mkt', '2', '2013', '2021-04-18 13:33:40', '2021-04-18 13:33:40'),
(348, '274', '68', 'we', '5', '1', 'Inst-142', 'EnLa 1161', 'mkt', '2', '2013', '2021-04-18 13:33:40', '2021-04-18 13:33:40'),
(349, '234', '69', 'th', '5', '1', 'Inst-114', 'Acc-201', 'mng', '2', '2013', '2021-04-18 13:33:40', '2021-04-18 13:33:40'),
(350, '235', '70', 'mo', '5', '1', 'Inst-125', 'MGMT-212', 'mng', '2', '2013', '2021-04-18 13:33:40', '2021-04-18 13:33:40'),
(351, '236', '70', 'tu', '5', '1', 'Inst-142', 'Enla-100', 'mng', '2', '2013', '2021-04-18 13:33:40', '2021-04-18 13:33:40'),
(352, '237', '70', 'fr', '5', '1', 'Inst-133', 'Econ.1011', 'mng', '2', '2013', '2021-04-18 13:33:40', '2021-04-18 13:33:40'),
(353, '238', '6', 'we', '5', '2', 'Inst-114', 'Acc-201', 'mng', '2', '2013', '2021-04-18 13:33:40', '2021-04-18 13:33:40'),
(354, '239', '6', 'th', '5', '2', 'Inst-125', 'MGMT-212', 'mng', '2', '2013', '2021-04-18 13:33:40', '2021-04-18 13:33:40'),
(355, '240', '6', 'fr', '5', '2', 'Inst-153', 'Enla-100', 'mng', '2', '2013', '2021-04-18 13:33:41', '2021-04-18 13:33:41'),
(356, '241', '7', 'tu', '5', '2', 'Inst-159', 'Econ.1011', 'mng', '2', '2013', '2021-04-18 13:33:41', '2021-04-18 13:33:41'),
(357, '202', '27', 'sat', '15', '1', 'Inst-111', 'ACFn 1031', 'acc', '3', '2013', '2021-04-18 13:33:53', '2021-04-18 13:33:53'),
(358, '203', '27', 'sat', '16', '1', 'Inst-112', 'Mgmt 1051', 'acc', '3', '2013', '2021-04-18 13:33:54', '2021-04-18 13:33:54'),
(359, '204', '27', 'sun', '15', '1', 'Inst-150', 'EnLa 1011', 'acc', '3', '2013', '2021-04-18 13:33:54', '2021-04-18 13:33:54'),
(360, '205', '27', 'sun', '16', '1', 'Inst-131', 'Econ 1011', 'acc', '3', '2013', '2021-04-18 13:33:54', '2021-04-18 13:33:54'),
(361, '206', '28', 'sat', '16', '2', 'Inst-111', 'ACFn 1031', 'acc', '3', '2013', '2021-04-18 13:33:55', '2021-04-18 13:33:55'),
(362, '207', '28', 'sun', '11', '2', 'Inst-112', 'Mgmt 1051', 'acc', '3', '2013', '2021-04-18 13:33:55', '2021-04-18 13:33:55'),
(363, '208', '28', 'sun', '16', '2', 'Inst-150', 'EnLa 1011', 'acc', '3', '2013', '2021-04-18 13:33:55', '2021-04-18 13:33:55'),
(364, '209', '29', 'sat', '15', '2', 'Inst-131', 'Econ 1011', 'acc', '3', '2013', '2021-04-18 13:33:55', '2021-04-18 13:33:55'),
(365, '210', '29', 'sun', '15', '3', 'Inst-111', 'ACFn 1031', 'acc', '3', '2013', '2021-04-18 13:33:55', '2021-04-18 13:33:55'),
(366, '211', '29', 'sun', '16', '3', 'Inst-112', 'Mgmt 1051', 'acc', '3', '2013', '2021-04-18 13:33:55', '2021-04-18 13:33:55'),
(367, '212', '30', 'sat', '11', '3', 'Inst-150', 'EnLa 1011', 'acc', '3', '2013', '2021-04-18 13:33:55', '2021-04-18 13:33:55'),
(368, '213', '30', 'sat', '16', '3', 'Inst-131', 'Econ 1011', 'acc', '3', '2013', '2021-04-18 13:33:55', '2021-04-18 13:33:55'),
(369, '256', '30', 'sun', '15', '1', 'Inst-153', 'Enla-100', 'badm', '3', '2013', '2021-04-18 13:33:55', '2021-04-18 13:33:55'),
(370, '257', '30', 'sun', '16', '1', 'Inst-133', 'Econ.1011', 'badm', '3', '2013', '2021-04-18 13:33:56', '2021-04-18 13:33:56'),
(371, '254', '31', 'sat', '15', '1', 'Inst-114', 'Acc-201', 'badm', '3', '2013', '2021-04-18 13:33:56', '2021-04-18 13:33:56'),
(372, '255', '31', 'sat', '16', '1', 'Inst-125', 'MGMT-212', 'badm', '3', '2013', '2021-04-18 13:33:56', '2021-04-18 13:33:56'),
(373, '162', '31', 'sun', '11', '1', 'Inst-136', 'CoSc1011', 'cs', '3', '2013', '2021-04-18 13:33:56', '2021-04-18 13:33:56'),
(374, '163', '31', 'sun', '16', '1', 'Inst-137', 'CoSc1013', 'cs', '3', '2013', '2021-04-18 13:33:56', '2021-04-18 13:33:56'),
(375, '164', '32', 'sat', '12', '1', 'Inst-155', 'FlEn1011', 'cs', '3', '2013', '2021-04-18 13:33:56', '2021-04-18 13:33:56'),
(376, '165', '32', 'sat', '13', '1', 'Inst-135', 'Econ 1011', 'cs', '3', '2013', '2021-04-18 13:33:56', '2021-04-18 13:33:56'),
(377, '268', '32', 'sun', '15', '1', 'Inst-115', 'Acct 2201', 'eco', '3', '2013', '2021-04-18 13:33:56', '2021-04-18 13:33:56'),
(378, '269', '32', 'sun', '16', '1', 'Inst-157', 'EnLa 1161', 'eco', '3', '2013', '2021-04-18 13:33:56', '2021-04-18 13:33:56'),
(379, '270', '33', 'sat', '12', '1', 'Inst-134', 'Econ 1011', 'eco', '3', '2013', '2021-04-18 13:33:56', '2021-04-18 13:33:56'),
(380, '271', '33', 'sat', '13', '1', 'Inst-159', 'LoCT 1011', 'eco', '3', '2013', '2021-04-18 13:33:56', '2021-04-18 13:33:56'),
(381, '242', '33', 'sat', '16', '1', 'Inst-114', 'Acc-201', 'mng', '3', '2013', '2021-04-18 13:33:57', '2021-04-18 13:33:57'),
(382, '243', '33', 'sun', '16', '1', 'Inst-125', 'MGMT-212', 'mng', '3', '2013', '2021-04-18 13:33:57', '2021-04-18 13:33:57'),
(383, '244', '80', 'sat', '16', '1', 'Inst-153', 'Enla-100', 'mng', '3', '2013', '2021-04-18 13:33:57', '2021-04-18 13:33:57'),
(384, '245', '80', 'sun', '14', '1', 'Inst-133', 'Econ.1011', 'mng', '3', '2013', '2021-04-18 13:33:57', '2021-04-18 13:33:57'),
(385, '246', '81', 'sat', '14', '2', 'Inst-114', 'Acc-201', 'mng', '3', '2013', '2021-04-18 13:33:57', '2021-04-18 13:33:57'),
(386, '247', '81', 'sat', '15', '2', 'Inst-125', 'MGMT-212', 'mng', '3', '2013', '2021-04-18 13:33:57', '2021-04-18 13:33:57'),
(387, '248', '81', 'sun', '12', '2', 'Inst-153', 'Enla-100', 'mng', '3', '2013', '2021-04-18 13:33:58', '2021-04-18 13:33:58'),
(388, '249', '81', 'sun', '13', '2', 'Inst-133', 'Econ.1011', 'mng', '3', '2013', '2021-04-18 13:33:58', '2021-04-18 13:33:58'),
(389, '250', '81', 'sun', '14', '3', 'Inst-114', 'Acc-201', 'mng', '3', '2013', '2021-04-18 13:33:58', '2021-04-18 13:33:58'),
(390, '251', '81', 'sun', '15', '3', 'Inst-125', 'MGMT-212', 'mng', '3', '2013', '2021-04-18 13:33:58', '2021-04-18 13:33:58'),
(391, '252', '81', 'sun', '16', '3', 'Inst-153', 'Enla-100', 'mng', '3', '2013', '2021-04-18 13:33:58', '2021-04-18 13:33:58'),
(392, '253', '83', 'sat', '11', '3', 'Inst-133', 'Econ.1011', 'mng', '3', '2013', '2021-04-18 13:33:58', '2021-04-18 13:33:58'),
(393, '314', '83', 'sat', '13', '1', 'Inst-160', 'ANAT 121', 'nrs', '3', '2013', '2021-04-18 13:33:58', '2021-04-18 13:33:58'),
(394, '315', '83', 'sat', '14', '1', 'Inst-149', 'PHYL 121', 'nrs', '3', '2013', '2021-04-18 13:33:58', '2021-04-18 13:33:58'),
(395, '317', '83', 'sat', '15', '1', 'Inst-162', 'PARA 221', 'nrs', '3', '2013', '2021-04-18 13:33:58', '2021-04-18 13:33:58'),
(396, '318', '83', 'sun', '11', '1', 'Inst-150', 'FLEn 101', 'nrs', '3', '2013', '2021-04-18 13:33:58', '2021-04-18 13:33:58'),
(397, '319', '83', 'sun', '14', '1', 'Inst-134', 'SOSA101', 'nrs', '3', '2013', '2021-04-18 13:33:59', '2021-04-18 13:33:59'),
(398, '320', '83', 'sun', '16', '2', 'Inst-160', 'ANAT 121', 'nrs', '3', '2013', '2021-04-18 13:33:59', '2021-04-18 13:33:59');
INSERT INTO `class_schedules` (`id`, `section_id`, `room_id`, `date`, `time_id`, `section`, `instructor`, `course`, `department`, `modality`, `batch`, `created_at`, `updated_at`) VALUES
(399, '321', '84', 'sat', '11', '2', 'Inst-149', 'PHYL 121', 'nrs', '3', '2013', '2021-04-18 13:33:59', '2021-04-18 13:33:59'),
(400, '322', '84', 'sat', '12', '2', 'Inst-158', 'NURS 101', 'nrs', '3', '2013', '2021-04-18 13:33:59', '2021-04-18 13:33:59'),
(401, '323', '84', 'sat', '13', '2', 'Inst-162', 'PARA 221', 'nrs', '3', '2013', '2021-04-18 13:33:59', '2021-04-18 13:33:59'),
(402, '324', '84', 'sun', '11', '2', 'Inst-141', 'FLEn 101', 'nrs', '3', '2013', '2021-04-18 13:33:59', '2021-04-18 13:33:59'),
(403, '325', '84', 'sun', '12', '2', 'Inst-143', 'SOSA101', 'nrs', '3', '2013', '2021-04-18 13:33:59', '2021-04-18 13:33:59'),
(404, '285', '84', 'sun', '13', '1', 'Inst-162', 'Anat 1031', 'pha', '3', '2013', '2021-04-18 13:33:59', '2021-04-18 13:33:59'),
(405, '286', '84', 'sun', '14', '1', 'Inst-158', 'Phyl 1032', 'pha', '3', '2013', '2021-04-18 13:33:59', '2021-04-18 13:33:59'),
(406, '287', '85', 'sat', '11', '1', 'Inst-160', 'Chem. 1041', 'pha', '3', '2013', '2021-04-18 13:33:59', '2021-04-18 13:33:59'),
(407, '288', '85', 'sat', '12', '1', 'Inst-161', 'Chem. 1042', 'pha', '3', '2013', '2021-04-18 13:33:59', '2021-04-18 13:33:59'),
(408, '289', '85', 'sat', '14', '2', 'Inst-162', 'Anat 1031', 'pha', '3', '2013', '2021-04-18 13:33:59', '2021-04-18 13:33:59'),
(409, '290', '85', 'sat', '15', '2', 'Inst-158', 'Phyl 1032', 'pha', '3', '2013', '2021-04-18 13:34:00', '2021-04-18 13:34:00'),
(410, '291', '85', 'sat', '16', '2', 'Inst-160', 'Chem. 1041', 'pha', '3', '2013', '2021-04-18 13:34:00', '2021-04-18 13:34:00'),
(411, '292', '85', 'sun', '11', '2', 'Inst-161', 'Chem. 1042', 'pha', '3', '2013', '2021-04-18 13:34:00', '2021-04-18 13:34:00'),
(412, '293', '85', 'sun', '12', '3', 'Inst-159', 'Anat 1031', 'pha', '3', '2013', '2021-04-18 13:34:00', '2021-04-18 13:34:00'),
(413, '294', '85', 'sun', '13', '3', 'Inst-149', 'Phyl 1032', 'pha', '3', '2013', '2021-04-18 13:34:00', '2021-04-18 13:34:00'),
(414, '295', '85', 'sun', '14', '3', 'Inst-148', 'Chem. 1041', 'pha', '3', '2013', '2021-04-18 13:34:00', '2021-04-18 13:34:00'),
(415, '296', '86', 'sat', '11', '3', 'Inst-148', 'Chem. 1042', 'pha', '3', '2013', '2021-04-18 13:34:00', '2021-04-18 13:34:00'),
(416, '297', '86', 'sat', '14', '4', 'Inst-159', 'Anat 1031', 'pha', '3', '2013', '2021-04-18 13:34:00', '2021-04-18 13:34:00'),
(417, '298', '86', 'sat', '16', '4', 'Inst-162', 'Phyl 1032', 'pha', '3', '2013', '2021-04-18 13:34:00', '2021-04-18 13:34:00'),
(418, '299', '86', 'sun', '11', '4', 'Inst-148', 'Chem. 1041', 'pha', '3', '2013', '2021-04-18 13:34:00', '2021-04-18 13:34:00'),
(419, '300', '86', 'sun', '12', '4', 'Inst-161', 'Chem. 1042', 'pha', '3', '2013', '2021-04-18 13:34:00', '2021-04-18 13:34:00'),
(420, '301', '86', 'sun', '13', '5', 'Inst-159', 'Anat 1031', 'pha', '3', '2013', '2021-04-18 13:34:01', '2021-04-18 13:34:01'),
(421, '302', '86', 'sun', '14', '5', 'Inst-162', 'Phyl 1032', 'pha', '3', '2013', '2021-04-18 13:34:01', '2021-04-18 13:34:01'),
(422, '303', '86', 'sun', '15', '5', 'Inst-148', 'Chem. 1041', 'pha', '3', '2013', '2021-04-18 13:34:01', '2021-04-18 13:34:01'),
(423, '304', '87', 'sat', '14', '5', 'Inst-161', 'Chem. 1042', 'pha', '3', '2013', '2021-04-18 13:34:01', '2021-04-18 13:34:01');

-- --------------------------------------------------------

--
-- Table structure for table `course_assigns`
--

CREATE TABLE `course_assigns` (
  `id` bigint(20) UNSIGNED NOT NULL,
  `course_id` varchar(191) COLLATE utf8mb4_unicode_ci NOT NULL,
  `instructor_id` varchar(191) COLLATE utf8mb4_unicode_ci NOT NULL,
  `section` varchar(191) COLLATE utf8mb4_unicode_ci NOT NULL,
  `no_fo_student` varchar(191) COLLATE utf8mb4_unicode_ci NOT NULL,
  `department` varchar(191) COLLATE utf8mb4_unicode_ci NOT NULL,
  `created_at` timestamp NULL DEFAULT NULL,
  `updated_at` timestamp NULL DEFAULT NULL,
  `modality` varchar(191) COLLATE utf8mb4_unicode_ci NOT NULL,
  `batch` varchar(45) COLLATE utf8mb4_unicode_ci NOT NULL
) ENGINE=InnoDB DEFAULT CHARSET=utf8mb4 COLLATE=utf8mb4_unicode_ci;

--
-- Dumping data for table `course_assigns`
--

INSERT INTO `course_assigns` (`id`, `course_id`, `instructor_id`, `section`, `no_fo_student`, `department`, `created_at`, `updated_at`, `modality`, `batch`) VALUES
(152, 'CoSc1011', 'Inst-136', '1', '45', 'cs', NULL, NULL, '1', '2013'),
(153, 'CoSc1013', 'Inst-137', '1', '45', 'cs', NULL, NULL, '1', '2013'),
(154, 'FlEn1011', 'Inst-155', '1', '45', 'cs', NULL, NULL, '1', '2013'),
(155, 'Econ 1011', 'Inst-135', '1', '45', 'cs', NULL, NULL, '1', '2013'),
(156, 'LoCT 1011', 'Inst-154', '1', '45', 'cs', NULL, NULL, '1', '2013'),
(157, 'SpSc', 'Inst-156', '1', '45', 'cs', NULL, NULL, '1', '2013'),
(158, 'CoSc1011', 'Inst-136', '1', '45', 'cs', NULL, NULL, '2', '2013'),
(159, 'CoSc1013', 'Inst-137', '1', '45', 'cs', NULL, NULL, '2', '2013'),
(160, 'FlEn1011', 'Inst-155', '1', '45', 'cs', NULL, NULL, '2', '2013'),
(161, 'Econ 1011', 'Inst-135', '1', '45', 'cs', NULL, NULL, '2', '2013'),
(162, 'CoSc1011', 'Inst-136', '1', '45', 'cs', NULL, NULL, '3', '2013'),
(163, 'CoSc1013', 'Inst-137', '1', '45', 'cs', NULL, NULL, '3', '2013'),
(164, 'FlEn1011', 'Inst-155', '1', '45', 'cs', NULL, NULL, '3', '2013'),
(165, 'Econ 1011', 'Inst-135', '1', '45', 'cs', NULL, NULL, '3', '2013'),
(166, 'MIS 101', 'Inst-137', '1', '45', 'mis', NULL, NULL, '2', '2013'),
(167, 'Math1011', 'Inst-152', '1', '45', 'mis', NULL, NULL, '2', '2013'),
(168, 'FlEn1011', 'Inst-149', '1', '45', 'mis', NULL, NULL, '2', '2013'),
(169, 'Econ.1011', 'Inst-133', '1', '45', 'mis', NULL, NULL, '2', '2013'),
(170, 'ACFn 1031', 'Inst-111', '1', '45', 'acc', NULL, NULL, '1', '2013'),
(171, 'Mgmt 1051', 'Inst-112', '1', '45', 'acc', NULL, NULL, '1', '2013'),
(172, 'EnLa 1011', 'Inst-150', '1', '45', 'acc', NULL, NULL, '1', '2013'),
(173, 'Econ 1011', 'Inst-131', '1', '45', 'acc', NULL, NULL, '1', '2013'),
(174, 'ACFn 1031', 'Inst-111', '2', '45', 'acc', NULL, NULL, '1', '2013'),
(175, 'Mgmt 1051', 'Inst-112', '2', '45', 'acc', NULL, NULL, '1', '2013'),
(176, 'EnLa 1011', 'Inst-150', '2', '45', 'acc', NULL, NULL, '1', '2013'),
(177, 'Econ 1011', 'Inst-131', '2', '45', 'acc', NULL, NULL, '1', '2013'),
(178, 'ACFn 1031', 'Inst-113', '1', '45', 'acc', NULL, NULL, '2', '2013'),
(179, 'Mgmt 1051', 'Inst-131', '1', '45', 'acc', NULL, NULL, '2', '2013'),
(180, 'EnLa 1011', 'Inst-150', '1', '45', 'acc', NULL, NULL, '2', '2013'),
(181, 'Econ 1011', 'Inst-131', '1', '45', 'acc', NULL, NULL, '2', '2013'),
(182, 'ACFn 1031', 'Inst-149', '2', '45', 'acc', NULL, NULL, '2', '2013'),
(183, 'Mgmt 1051', 'Inst-113', '2', '45', 'acc', NULL, NULL, '2', '2013'),
(184, 'EnLa 1011', 'Inst-150', '2', '45', 'acc', NULL, NULL, '2', '2013'),
(185, 'Econ 1011', 'Inst-131', '2', '45', 'acc', NULL, NULL, '2', '2013'),
(186, 'Mgmt 1051', 'Inst-112', '3', '45', 'acc', NULL, NULL, '2', '2013'),
(187, 'ACFn 1031', 'Inst-122', '3', '45', 'acc', NULL, NULL, '2', '2013'),
(188, 'EnLa 1011', 'Inst-145', '3', '45', 'acc', NULL, NULL, '2', '2013'),
(189, 'Econ 1011', 'Inst-132', '3', '45', 'acc', NULL, NULL, '2', '2013'),
(190, 'ACFn 1031', 'Inst-118', '4', '45', 'acc', NULL, NULL, '2', '2013'),
(191, 'Mgmt 1051', 'Inst-120', '4', '45', 'acc', NULL, NULL, '2', '2013'),
(192, 'EnLa 1011', 'Inst-145', '4', '45', 'acc', NULL, NULL, '2', '2013'),
(193, 'Econ 1011', 'Inst-132', '4', '45', 'acc', NULL, NULL, '2', '2013'),
(194, 'ACFn 1031', 'Inst-118', '5', '45', 'acc', NULL, NULL, '2', '2013'),
(195, 'Mgmt 1051', 'Inst-120', '5', '45', 'acc', NULL, NULL, '2', '2013'),
(196, 'EnLa 1011', 'Inst-145', '5', '45', 'acc', NULL, NULL, '2', '2013'),
(197, 'Econ 1011', 'Inst-141', '5', '45', 'acc', NULL, NULL, '2', '2013'),
(198, 'ACFn 1031', 'Inst-118', '6', '45', 'acc', NULL, NULL, '2', '2013'),
(199, 'Mgmt 1051', 'Inst-142', '6', '45', 'acc', NULL, NULL, '2', '2013'),
(200, 'EnLa 1011', 'Inst-145', '6', '45', 'acc', NULL, NULL, '2', '2013'),
(201, 'Econ 1011', 'Inst-132', '6', '45', 'acc', NULL, NULL, '2', '2013'),
(202, 'ACFn 1031', 'Inst-111', '1', '45', 'acc', NULL, NULL, '3', '2013'),
(203, 'Mgmt 1051', 'Inst-112', '1', '45', 'acc', NULL, NULL, '3', '2013'),
(204, 'EnLa 1011', 'Inst-150', '1', '45', 'acc', NULL, NULL, '3', '2013'),
(205, 'Econ 1011', 'Inst-131', '1', '45', 'acc', NULL, NULL, '3', '2013'),
(206, 'ACFn 1031', 'Inst-111', '2', '45', 'acc', NULL, NULL, '3', '2013'),
(207, 'Mgmt 1051', 'Inst-112', '2', '45', 'acc', NULL, NULL, '3', '2013'),
(208, 'EnLa 1011', 'Inst-150', '2', '45', 'acc', NULL, NULL, '3', '2013'),
(209, 'Econ 1011', 'Inst-131', '2', '45', 'acc', NULL, NULL, '3', '2013'),
(210, 'ACFn 1031', 'Inst-111', '3', '45', 'acc', NULL, NULL, '3', '2013'),
(211, 'Mgmt 1051', 'Inst-112', '3', '45', 'acc', NULL, NULL, '3', '2013'),
(212, 'EnLa 1011', 'Inst-150', '3', '45', 'acc', NULL, NULL, '3', '2013'),
(213, 'Econ 1011', 'Inst-131', '3', '45', 'acc', NULL, NULL, '3', '2013'),
(214, 'Acc-201', 'Inst-113', '1', '45', 'badm', NULL, NULL, '1', '2013'),
(215, 'MGMT-212', 'Inst-124', '1', '45', 'badm', NULL, NULL, '1', '2013'),
(216, 'Enla-100', 'Inst-145', '1', '45', 'badm', NULL, NULL, '1', '2013'),
(217, 'Econ.1011', 'Inst-133', '1', '45', 'badm', NULL, NULL, '1', '2013'),
(218, 'LoCT 1011', 'Inst-154', '1', '45', 'badm', NULL, NULL, '1', '2013'),
(219, 'SpSc 1011', 'Inst-156', '1', '45', 'badm', NULL, NULL, '1', '2013'),
(220, 'Acc-201', 'Inst-130', '1', '45', 'badm', NULL, NULL, '2', '2013'),
(221, 'MGMT-212', 'Inst-124', '1', '45', 'badm', NULL, NULL, '2', '2013'),
(222, 'Enla-100', 'Inst-157', '1', '45', 'badm', NULL, NULL, '2', '2013'),
(223, 'Econ.1011', 'Inst-133', '1', '45', 'badm', NULL, NULL, '2', '2013'),
(224, 'Acc-201', 'Inst-131', '2', '45', 'badm', NULL, NULL, '2', '2013'),
(225, 'MGMT-212', 'Inst-132', '2', '45', 'badm', NULL, NULL, '2', '2013'),
(226, 'Enla-100', 'Inst-157', '2', '45', 'badm', NULL, NULL, '2', '2013'),
(227, 'Econ.1011', 'Inst-133', '2', '45', 'badm', NULL, NULL, '2', '2013'),
(228, 'Acc-201', 'Inst-114', '1', '45', 'mng', NULL, NULL, '1', '2013'),
(229, 'MGMT-212', 'Inst-125', '1', '45', 'mng', NULL, NULL, '1', '2013'),
(230, 'Enla-100', 'Inst-153', '1', '45', 'mng', NULL, NULL, '1', '2013'),
(231, 'Econ.1011', 'Inst-133', '1', '45', 'mng', NULL, NULL, '1', '2013'),
(232, 'LoCT', 'Inst-159', '1', '45', 'mng', NULL, NULL, '1', '2013'),
(233, 'Spsc 1011', 'Inst-156', '1', '45', 'mng', NULL, NULL, '1', '2013'),
(234, 'Acc-201', 'Inst-114', '1', '45', 'mng', NULL, NULL, '2', '2013'),
(235, 'MGMT-212', 'Inst-125', '1', '45', 'mng', NULL, NULL, '2', '2013'),
(236, 'Enla-100', 'Inst-142', '1', '45', 'mng', NULL, NULL, '2', '2013'),
(237, 'Econ.1011', 'Inst-133', '1', '45', 'mng', NULL, NULL, '2', '2013'),
(238, 'Acc-201', 'Inst-114', '2', '45', 'mng', NULL, NULL, '2', '2013'),
(239, 'MGMT-212', 'Inst-125', '2', '45', 'mng', NULL, NULL, '2', '2013'),
(240, 'Enla-100', 'Inst-153', '2', '45', 'mng', NULL, NULL, '2', '2013'),
(241, 'Econ.1011', 'Inst-159', '2', '45', 'mng', NULL, NULL, '2', '2013'),
(242, 'Acc-201', 'Inst-114', '1', '45', 'mng', NULL, NULL, '3', '2013'),
(243, 'MGMT-212', 'Inst-125', '1', '45', 'mng', NULL, NULL, '3', '2013'),
(244, 'Enla-100', 'Inst-153', '1', '45', 'mng', NULL, NULL, '3', '2013'),
(245, 'Econ.1011', 'Inst-133', '1', '45', 'mng', NULL, NULL, '3', '2013'),
(246, 'Acc-201', 'Inst-114', '2', '45', 'mng', NULL, NULL, '3', '2013'),
(247, 'MGMT-212', 'Inst-125', '2', '45', 'mng', NULL, NULL, '3', '2013'),
(248, 'Enla-100', 'Inst-153', '2', '45', 'mng', NULL, NULL, '3', '2013'),
(249, 'Econ.1011', 'Inst-133', '2', '45', 'mng', NULL, NULL, '3', '2013'),
(250, 'Acc-201', 'Inst-114', '3', '45', 'mng', NULL, NULL, '3', '2013'),
(251, 'MGMT-212', 'Inst-125', '3', '45', 'mng', NULL, NULL, '3', '2013'),
(252, 'Enla-100', 'Inst-153', '3', '45', 'mng', NULL, NULL, '3', '2013'),
(253, 'Econ.1011', 'Inst-133', '3', '45', 'mng', NULL, NULL, '3', '2013'),
(254, 'Acc-201', 'Inst-114', '1', '45', 'badm', NULL, NULL, '3', '2013'),
(255, 'MGMT-212', 'Inst-125', '1', '45', 'badm', NULL, NULL, '3', '2013'),
(256, 'Enla-100', 'Inst-153', '1', '45', 'badm', NULL, NULL, '3', '2013'),
(257, 'Econ.1011', 'Inst-133', '1', '45', 'badm', NULL, NULL, '3', '2013'),
(258, 'Acct 2201', 'Inst-115', '1', '45', 'eco', NULL, NULL, '1', '2013'),
(259, 'EnLa 1161', 'Inst-157', '1', '45', 'eco', NULL, NULL, '1', '2013'),
(260, 'Econ 1011', 'Inst-134', '1', '45', 'eco', NULL, NULL, '1', '2013'),
(261, 'LoCT 1011', 'Inst-159', '1', '45', 'eco', NULL, NULL, '1', '2013'),
(262, 'Psyc 1011', 'Inst-154', '1', '45', 'eco', NULL, NULL, '1', '2013'),
(263, 'Spsc 1011', 'Inst-156', '1', '45', 'eco', NULL, NULL, '1', '2013'),
(264, 'Acct 2201', 'Inst-115', '1', '45', 'eco', NULL, NULL, '2', '2013'),
(265, 'EnLa 1161', 'Inst-157', '1', '45', 'eco', NULL, NULL, '2', '2013'),
(266, 'Econ 1011', 'Inst-134', '1', '45', 'eco', NULL, NULL, '2', '2013'),
(267, 'LoCT 1011', 'Inst-159', '1', '45', 'eco', NULL, NULL, '2', '2013'),
(268, 'Acct 2201', 'Inst-115', '1', '45', 'eco', NULL, NULL, '3', '2013'),
(269, 'EnLa 1161', 'Inst-157', '1', '45', 'eco', NULL, NULL, '3', '2013'),
(270, 'Econ 1011', 'Inst-134', '1', '45', 'eco', NULL, NULL, '3', '2013'),
(271, 'LoCT 1011', 'Inst-159', '1', '45', 'eco', NULL, NULL, '3', '2013'),
(272, 'Acct 2201', 'Inst-141', '1', '45', 'mkt', NULL, NULL, '2', '2013'),
(273, 'Mgt 201', 'Inst-130', '1', '45', 'mkt', NULL, NULL, '2', '2013'),
(274, 'EnLa 1161', 'Inst-142', '1', '45', 'mkt', NULL, NULL, '2', '2013'),
(275, 'Econ 1011', 'Inst-135', '1', '45', 'mkt', NULL, NULL, '2', '2013'),
(276, 'Anat 1031', 'Inst-162', '1', '45', 'pha', NULL, NULL, '1', '2013'),
(277, 'Phyl 1032', 'Inst-158', '1', '45', 'pha', NULL, NULL, '1', '2013'),
(278, 'Chem. 1041', 'Inst-160', '1', '45', 'pha', NULL, NULL, '1', '2013'),
(279, 'Chem. 1042', 'Inst-161', '1', '45', 'pha', NULL, NULL, '1', '2013'),
(280, 'FlEn 1011', 'Inst-157', '1', '45', 'pha', NULL, NULL, '1', '2013'),
(281, 'soAnt 1011', 'Inst-160', '1', '45', 'pha', NULL, NULL, '1', '2013'),
(282, 'loCT 1011', 'Inst-154', '1', '45', 'pha', NULL, NULL, '1', '2013'),
(283, 'Moced 1011', 'Inst-151', '1', '45', 'pha', NULL, NULL, '1', '2013'),
(284, 'Spsc 1011', 'Inst-156', '1', '45', 'pha', NULL, NULL, '1', '2013'),
(285, 'Anat 1031', 'Inst-162', '1', '45', 'pha', NULL, NULL, '3', '2013'),
(286, 'Phyl 1032', 'Inst-158', '1', '45', 'pha', NULL, NULL, '3', '2013'),
(287, 'Chem. 1041', 'Inst-160', '1', '45', 'pha', NULL, NULL, '3', '2013'),
(288, 'Chem. 1042', 'Inst-161', '1', '45', 'pha', NULL, NULL, '3', '2013'),
(289, 'Anat 1031', 'Inst-162', '2', '45', 'pha', NULL, NULL, '3', '2013'),
(290, 'Phyl 1032', 'Inst-158', '2', '45', 'pha', NULL, NULL, '3', '2013'),
(291, 'Chem. 1041', 'Inst-160', '2', '45', 'pha', NULL, NULL, '3', '2013'),
(292, 'Chem. 1042', 'Inst-161', '2', '45', 'pha', NULL, NULL, '3', '2013'),
(293, 'Anat 1031', 'Inst-159', '3', '45', 'pha', NULL, NULL, '3', '2013'),
(294, 'Phyl 1032', 'Inst-149', '3', '45', 'pha', NULL, NULL, '3', '2013'),
(295, 'Chem. 1041', 'Inst-148', '3', '45', 'pha', NULL, NULL, '3', '2013'),
(296, 'Chem. 1042', 'Inst-148', '3', '45', 'pha', NULL, NULL, '3', '2013'),
(297, 'Anat 1031', 'Inst-159', '4', '45', 'pha', NULL, NULL, '3', '2013'),
(298, 'Phyl 1032', 'Inst-162', '4', '45', 'pha', NULL, NULL, '3', '2013'),
(299, 'Chem. 1041', 'Inst-148', '4', '45', 'pha', NULL, NULL, '3', '2013'),
(300, 'Chem. 1042', 'Inst-161', '4', '45', 'pha', NULL, NULL, '3', '2013'),
(301, 'Anat 1031', 'Inst-159', '5', '45', 'pha', NULL, NULL, '3', '2013'),
(302, 'Phyl 1032', 'Inst-162', '5', '45', 'pha', NULL, NULL, '3', '2013'),
(303, 'Chem. 1041', 'Inst-148', '5', '45', 'pha', NULL, NULL, '3', '2013'),
(304, 'Chem. 1042', 'Inst-161', '5', '45', 'pha', NULL, NULL, '3', '2013'),
(305, 'ANAT 121', 'Inst-160', '1', '45', 'nrs', NULL, NULL, '1', '2013'),
(306, 'PHYL 121', 'Inst-161', '1', '45', 'nrs', NULL, NULL, '1', '2013'),
(307, 'NURS 101', 'Inst-158', '1', '45', 'nrs', NULL, NULL, '1', '2013'),
(308, 'PARA 221', 'Inst-162', '1', '45', 'nrs', NULL, NULL, '1', '2013'),
(309, 'FLEn 101', 'Inst-150', '1', '45', 'nrs', NULL, NULL, '1', '2013'),
(310, 'SOSA101', 'Inst-134', '1', '45', 'nrs', NULL, NULL, '1', '2013'),
(311, 'SpSc1023', 'Inst-156', '1', '45', 'nrs', NULL, NULL, '1', '2013'),
(312, 'CIVS1011', 'Inst-151', '1', '45', 'nrs', NULL, NULL, '1', '2013'),
(313, 'LoCT1011', 'Inst-154', '1', '45', 'nrs', NULL, NULL, '1', '2013'),
(314, 'ANAT 121', 'Inst-160', '1', '45', 'nrs', NULL, NULL, '3', '2013'),
(315, 'PHYL 121', 'Inst-149', '1', '45', 'nrs', NULL, NULL, '3', '2013'),
(317, 'PARA 221', 'Inst-162', '1', '45', 'nrs', NULL, NULL, '3', '2013'),
(318, 'FLEn 101', 'Inst-150', '1', '45', 'nrs', NULL, NULL, '3', '2013'),
(319, 'SOSA101', 'Inst-134', '1', '45', 'nrs', NULL, NULL, '3', '2013'),
(320, 'ANAT 121', 'Inst-160', '2', '45', 'nrs', NULL, NULL, '3', '2013'),
(321, 'PHYL 121', 'Inst-149', '2', '45', 'nrs', NULL, NULL, '3', '2013'),
(322, 'NURS 101', 'Inst-158', '2', '45', 'nrs', NULL, NULL, '3', '2013'),
(323, 'PARA 221', 'Inst-162', '2', '45', 'nrs', NULL, NULL, '3', '2013'),
(324, 'FLEn 101', 'Inst-141', '2', '45', 'nrs', NULL, NULL, '3', '2013'),
(325, 'SOSA101', 'Inst-143', '2', '45', 'nrs', NULL, NULL, '3', '2013'),
(326, 'CoSc1011', 'Inst-138', '1', '45', 'cs', NULL, NULL, '1', '2012'),
(327, 'CoSc1013', 'Inst-139', '1', '45', 'cs', NULL, NULL, '1', '2012'),
(328, 'FlEn1011', 'Inst-140', '1', '45', 'cs', NULL, NULL, '1', '2012'),
(329, 'Econ 1011', 'Inst-141', '1', '45', 'cs', NULL, NULL, '1', '2012'),
(330, 'LoCT 1011', 'Inst-142', '1', '45', 'cs', NULL, NULL, '1', '2012'),
(331, 'SpSc', 'Inst-143', '1', '45', 'cs', NULL, NULL, '1', '2012'),
(332, 'CoSc1011', 'Inst-138', '2', '45', 'cs', NULL, NULL, '1', '2012'),
(333, 'CoSc1013', 'Inst-139', '2', '45', 'cs', NULL, NULL, '1', '2012'),
(334, 'FlEn1011', 'Inst-140', '2', '45', 'cs', NULL, NULL, '1', '2012'),
(335, 'Econ 1011', 'Inst-141', '2', '45', 'cs', NULL, NULL, '1', '2012'),
(336, 'LoCT 1011', 'Inst-142', '2', '45', 'cs', NULL, NULL, '1', '2012'),
(337, 'SpSc', 'Inst-143', '2', '45', 'cs', NULL, NULL, '1', '2012'),
(354, 'ACFn 1031', 'Inst-116', '1', '45', 'acc', NULL, NULL, '1', '2012'),
(355, 'Mgmt 1051', 'Inst-115', '1', '45', 'acc', NULL, NULL, '1', '2012'),
(356, 'EnLa 1011', 'Inst-117', '1', '45', 'acc', NULL, NULL, '1', '2012'),
(357, 'Econ 1011', 'Inst-118', '1', '45', 'acc', NULL, NULL, '1', '2012'),
(358, 'ACFn 1031', 'Inst-116', '2', '45', 'acc', NULL, NULL, '1', '2012'),
(359, 'Mgmt 1051', 'Inst-115', '2', '45', 'acc', NULL, NULL, '1', '2012'),
(360, 'EnLa 1011', 'Inst-117', '2', '45', 'acc', NULL, NULL, '1', '2012'),
(361, 'Econ 1011', 'Inst-118', '2', '45', 'acc', NULL, NULL, '1', '2012'),
(362, 'ACFn 1031', 'Inst-119', '3', '45', 'acc', NULL, NULL, '1', '2012'),
(363, 'Mgmt 1051', 'Inst-120', '3', '45', 'acc', NULL, NULL, '1', '2012'),
(364, 'EnLa 1011', 'Inst-121', '3', '45', 'acc', NULL, NULL, '1', '2012'),
(365, 'Econ 1011', 'Inst-122', '3', '45', 'acc', NULL, NULL, '1', '2012'),
(366, 'ACFn 1031', 'Inst-119', '4', '45', 'acc', NULL, NULL, '1', '2012'),
(367, 'Mgmt 1051', 'Inst-120', '4', '45', 'acc', NULL, NULL, '1', '2012'),
(368, 'EnLa 1011', 'Inst-121', '4', '45', 'acc', NULL, NULL, '1', '2012'),
(369, 'Econ 1011', 'Inst-122', '4', '45', 'acc', NULL, NULL, '1', '2012'),
(370, 'ACFn 1031', 'Inst-119', '5', '45', 'acc', NULL, NULL, '1', '2012'),
(371, 'Mgmt 1051', 'Inst-120', '5', '45', 'acc', NULL, NULL, '1', '2012'),
(372, 'EnLa 1011', 'Inst-121', '5', '45', 'acc', NULL, NULL, '1', '2012'),
(373, 'Econ 1011', 'Inst-122', '5', '45', 'acc', NULL, NULL, '1', '2012'),
(374, 'ACFn 1031', 'Inst-116', '6', '45', 'acc', NULL, NULL, '1', '2012'),
(375, 'Mgmt 1051', 'Inst-115', '6', '45', 'acc', NULL, NULL, '1', '2012'),
(376, 'EnLa 1011', 'Inst-117', '6', '45', 'acc', NULL, NULL, '1', '2012'),
(377, 'Econ 1011', 'Inst-118', '6', '45', 'acc', NULL, NULL, '1', '2012'),
(442, 'Acc-201', 'Inst-113', '1', '45', 'badm', NULL, NULL, '1', '2012'),
(443, 'MGMT-212', 'Inst-114', '1', '45', 'badm', NULL, NULL, '1', '2012'),
(444, 'Enla-100', 'Inst-157', '1', '45', 'badm', NULL, NULL, '1', '2012'),
(445, 'Econ.1011', 'Inst-132', '1', '45', 'badm', NULL, NULL, '1', '2012'),
(446, 'LoCT 1011', 'Inst-159', '1', '45', 'badm', NULL, NULL, '1', '2012'),
(447, 'SpSc 1011', 'Inst-156', '1', '45', 'badm', NULL, NULL, '1', '2012'),
(448, 'Acc-201', 'Inst-113', '2', '45', 'badm', NULL, NULL, '1', '2012'),
(449, 'MGMT-212', 'Inst-114', '2', '45', 'badm', NULL, NULL, '1', '2012'),
(450, 'Enla-100', 'Inst-157', '2', '45', 'badm', NULL, NULL, '1', '2012'),
(451, 'Econ.1011', 'Inst-132', '2', '45', 'badm', NULL, NULL, '1', '2012'),
(452, 'LoCT 1011', 'Inst-159', '2', '45', 'badm', NULL, NULL, '1', '2012'),
(453, 'SpSc 1011', 'Inst-156', '2', '45', 'badm', NULL, NULL, '1', '2012'),
(478, 'Acc-201', 'Inst-111', '1', '45', 'mng', NULL, NULL, '1', '2012'),
(479, 'MGMT-212', 'Inst-126', '1', '45', 'mng', NULL, NULL, '1', '2012'),
(480, 'Enla-1011', 'Inst-150', '1', '45', 'mng', NULL, NULL, '1', '2012'),
(481, 'Econ 1011', 'Inst-134', '1', '45', 'mng', NULL, NULL, '1', '2012'),
(500, 'Acct 2201', 'Inst-115', '1', '45', 'eco', NULL, NULL, '1', '2012'),
(501, 'EnLa 1161', 'Inst-157', '1', '45', 'eco', NULL, NULL, '1', '2012'),
(502, 'Econ 1011', 'Inst-134', '1', '45', 'eco', NULL, NULL, '1', '2012'),
(503, 'LoCT 1011', 'Inst-159', '1', '45', 'eco', NULL, NULL, '1', '2012'),
(504, 'Psyc 1011', 'Inst-154', '1', '45', 'eco', NULL, NULL, '1', '2012'),
(505, 'Spsc 1011', 'Inst-156', '1', '45', 'eco', NULL, NULL, '1', '2012'),
(506, 'Acct 2201', 'Inst-115', '2', '45', 'eco', NULL, NULL, '1', '2012'),
(507, 'EnLa 1161', 'Inst-157', '2', '45', 'eco', NULL, NULL, '1', '2012'),
(508, 'Econ 1011', 'Inst-134', '2', '45', 'eco', NULL, NULL, '1', '2012'),
(509, 'LoCT 1011', 'Inst-159', '2', '45', 'eco', NULL, NULL, '1', '2012'),
(510, 'Psyc 1011', 'Inst-154', '2', '45', 'eco', NULL, NULL, '1', '2012'),
(511, 'Spsc 1011', 'Inst-156', '2', '45', 'eco', NULL, NULL, '1', '2012'),
(524, 'Acct 2201', 'Inst-121', '1', '45', 'mrk', NULL, NULL, '1', '2012'),
(525, 'Mgt 201', 'Inst-130', '1', '45', 'mrk', NULL, NULL, '1', '2012'),
(526, 'EnLa 1161', 'Inst-150', '1', '45', 'mrk', NULL, NULL, '1', '2012'),
(527, 'Econ 1011', 'Inst-135', '1', '45', 'mrk', NULL, NULL, '1', '2012'),
(532, 'Anat 1031', 'Inst-162', '1', '45', 'pha', NULL, NULL, '1', '2012'),
(533, 'Phyl 1032', 'Inst-158', '1', '45', 'pha', NULL, NULL, '1', '2012'),
(534, 'Chem. 1041', 'Inst-160', '1', '45', 'pha', NULL, NULL, '1', '2012'),
(535, 'Chem. 1042', 'Inst-161', '1', '45', 'pha', NULL, NULL, '1', '2012'),
(536, 'FlEn 1011', 'Inst-157', '1', '45', 'pha', NULL, NULL, '1', '2012'),
(537, 'soAnt 1011', 'Inst-160', '1', '45', 'pha', NULL, NULL, '1', '2012'),
(538, 'loCT 1011', 'Inst-154', '1', '45', 'pha', NULL, NULL, '1', '2012'),
(539, 'Moced 1011', 'Inst-151', '1', '45', 'pha', NULL, NULL, '1', '2012'),
(540, 'Spsc 1011', 'Inst-140', '1', '45', 'pha', NULL, NULL, '1', '2012'),
(541, 'Anat 1031', 'Inst-162', '2', '45', 'pha', NULL, NULL, '1', '2012'),
(542, 'Phyl 1032', 'Inst-158', '2', '45', 'pha', NULL, NULL, '1', '2012'),
(543, 'Chem. 1041', 'Inst-160', '2', '45', 'pha', NULL, NULL, '1', '2012'),
(544, 'Chem. 1042', 'Inst-161', '2', '45', 'pha', NULL, NULL, '1', '2012'),
(545, 'FlEn 1011', 'Inst-157', '2', '45', 'pha', NULL, NULL, '1', '2012'),
(546, 'soAnt 1011', 'Inst-160', '2', '45', 'pha', NULL, NULL, '1', '2012'),
(547, 'loCT 1011', 'Inst-154', '2', '45', 'pha', NULL, NULL, '1', '2012'),
(548, 'Moced 1011', 'Inst-151', '2', '45', 'pha', NULL, NULL, '1', '2012'),
(549, 'Spsc 1011', 'Inst-147', '2', '45', 'pha', NULL, NULL, '1', '2012'),
(554, 'ANAT 121', 'Inst-160', '1', '45', 'nrs', NULL, NULL, '1', '2012'),
(555, 'PHYL 121', 'Inst-161', '1', '45', 'nrs', NULL, NULL, '1', '2012'),
(556, 'NURS 101', 'Inst-158', '1', '45', 'nrs', NULL, NULL, '1', '2012'),
(557, 'PARA 221', 'Inst-162', '1', '45', 'nrs', NULL, NULL, '1', '2012'),
(558, 'FLEn 101', 'Inst-150', '1', '45', 'nrs', NULL, NULL, '1', '2012'),
(559, 'SOSA101', 'Inst-134', '1', '45', 'nrs', NULL, NULL, '1', '2012'),
(560, 'SpSc1023', 'Inst-156', '1', '45', 'nrs', NULL, NULL, '1', '2012'),
(561, 'CIVS1011', 'Inst-151', '1', '45', 'nrs', NULL, NULL, '1', '2012'),
(562, 'LoCT1011', 'Inst-154', '1', '45', 'nrs', NULL, NULL, '1', '2012'),
(563, 'ANAT 121', 'Inst-160', '2', '45', 'nrs', NULL, NULL, '1', '2012'),
(564, 'PHYL 121', 'Inst-161', '2', '45', 'nrs', NULL, NULL, '1', '2012'),
(565, 'NURS 101', 'Inst-158', '2', '45', 'nrs', NULL, NULL, '1', '2012'),
(566, 'PARA 221', 'Inst-162', '2', '45', 'nrs', NULL, NULL, '1', '2012'),
(567, 'FLEn 101', 'Inst-150', '2', '45', 'nrs', NULL, NULL, '1', '2012'),
(568, 'SOSA101', 'Inst-134', '2', '45', 'nrs', NULL, NULL, '1', '2012'),
(569, 'SpSc1023', 'Inst-156', '2', '45', 'nrs', NULL, NULL, '1', '2012'),
(570, 'CIVS1011', 'Inst-151', '2', '45', 'nrs', NULL, NULL, '1', '2012'),
(571, 'LoCT1011', 'Inst-154', '2', '45', 'nrs', NULL, NULL, '1', '2012'),
(596, 'CoSc1011', 'Inst-136', '1', '45', 'cs', NULL, NULL, '3', '2012'),
(597, 'CoSc1013', 'Inst-137', '1', '45', 'cs', NULL, NULL, '3', '2012'),
(598, 'FlEn1011', 'Inst-155', '1', '45', 'cs', NULL, NULL, '3', '2012'),
(599, 'Econ 1011', 'Inst-135', '1', '45', 'cs', NULL, NULL, '3', '2012'),
(644, 'ACFn 1031', 'Inst-113', '1', '45', 'acc', NULL, NULL, '3', '2012'),
(645, 'Mgmt 1051', 'Inst-115', '1', '45', 'acc', NULL, NULL, '3', '2012'),
(646, 'EnLa 1011', 'Inst-123', '1', '45', 'acc', NULL, NULL, '3', '2012'),
(647, 'Econ 1011', 'Inst-117', '1', '45', 'acc', NULL, NULL, '3', '2012'),
(648, 'ACFn 1031', 'Inst-113', '2', '45', 'acc', NULL, NULL, '3', '2012'),
(649, 'Mgmt 1051', 'Inst-115', '2', '45', 'acc', NULL, NULL, '3', '2012'),
(650, 'EnLa 1011', 'Inst-124', '2', '45', 'acc', NULL, NULL, '3', '2012'),
(651, 'Econ 1011', 'Inst-117', '2', '45', 'acc', NULL, NULL, '3', '2012'),
(652, 'ACFn 1031', 'Inst-113', '3', '45', 'acc', NULL, NULL, '3', '2012'),
(653, 'Mgmt 1051', 'Inst-115', '3', '45', 'acc', NULL, NULL, '3', '2012'),
(654, 'EnLa 1011', 'Inst-150', '3', '45', 'acc', NULL, NULL, '3', '2012'),
(655, 'Econ 1011', 'Inst-117', '3', '45', 'acc', NULL, NULL, '3', '2012'),
(656, 'ACFn 1031', 'Inst-118', '4', '45', 'acc', NULL, NULL, '3', '2012'),
(657, 'Mgmt 1051', 'Inst-119', '4', '45', 'acc', NULL, NULL, '3', '2012'),
(658, 'EnLa 1011', 'Inst-120', '4', '45', 'acc', NULL, NULL, '3', '2012'),
(659, 'Econ 1011', 'Inst-121', '4', '45', 'acc', NULL, NULL, '3', '2012'),
(660, 'ACFn 1031', 'Inst-118', '5', '45', 'acc', NULL, NULL, '3', '2012'),
(661, 'Mgmt 1051', 'Inst-119', '5', '45', 'acc', NULL, NULL, '3', '2012'),
(662, 'EnLa 1011', 'Inst-120', '5', '45', 'acc', NULL, NULL, '3', '2012'),
(663, 'Econ 1011', 'Inst-121', '5', '45', 'acc', NULL, NULL, '3', '2012'),
(664, 'ACFn 1031', 'Inst-118', '6', '45', 'acc', NULL, NULL, '3', '2012'),
(665, 'Mgmt 1051', 'Inst-119', '6', '45', 'acc', NULL, NULL, '3', '2012'),
(666, 'EnLa 1011', 'Inst-120', '6', '45', 'acc', NULL, NULL, '3', '2012'),
(667, 'Econ 1011', 'Inst-121', '6', '45', 'acc', NULL, NULL, '3', '2012'),
(680, 'Acc-201', 'Inst-111', '1', '45', 'badm', NULL, NULL, '3', '2012'),
(681, 'MGMT-212', 'Inst-126', '1', '45', 'badm', NULL, NULL, '3', '2012'),
(682, 'Enla-1011', 'Inst-153', '1', '45', 'badm', NULL, NULL, '3', '2012'),
(683, 'Econ 1011', 'Inst-131', '1', '45', 'badm', NULL, NULL, '3', '2012'),
(684, 'Acc-201', 'Inst-111', '2', '45', 'badm', NULL, NULL, '3', '2012'),
(685, 'MGMT-212', 'Inst-126', '2', '45', 'badm', NULL, NULL, '3', '2012'),
(686, 'Enla-1011', 'Inst-153', '2', '45', 'badm', NULL, NULL, '3', '2012'),
(687, 'Econ 1011', 'Inst-131', '2', '45', 'badm', NULL, NULL, '3', '2012'),
(688, 'Acc-201', 'Inst-111', '3', '45', 'badm', NULL, NULL, '3', '2012'),
(689, 'MGMT-212', 'Inst-126', '3', '45', 'badm', NULL, NULL, '3', '2012'),
(690, 'Enla-1011', 'Inst-153', '3', '45', 'badm', NULL, NULL, '3', '2012'),
(691, 'Econ 1011', 'Inst-131', '3', '45', 'badm', NULL, NULL, '3', '2012'),
(700, 'Acc-201', 'Inst-111', '1', '45', 'mng', NULL, NULL, '3', '2012'),
(701, 'MGMT-212', 'Inst-126', '1', '45', 'mng', NULL, NULL, '3', '2012'),
(702, 'Enla-1011', 'Inst-157', '1', '45', 'mng', NULL, NULL, '3', '2012'),
(703, 'Econ 1011', 'Inst-134', '1', '45', 'mng', NULL, NULL, '3', '2012'),
(704, 'Acc-201', 'Inst-111', '2', '45', 'mng', NULL, NULL, '3', '2012'),
(705, 'MGMT-212', 'Inst-126', '2', '45', 'mng', NULL, NULL, '3', '2012'),
(706, 'Enla-1011', 'Inst-157', '2', '45', 'mng', NULL, NULL, '3', '2012'),
(707, 'Econ 1011', 'Inst-134', '2', '45', 'mng', NULL, NULL, '3', '2012'),
(716, 'Acct 2201', 'Inst-115', '1', '45', 'eco', NULL, NULL, '3', '2012'),
(717, 'Psyc 1011', 'Inst-154', '1', '45', 'eco', NULL, NULL, '3', '2012'),
(718, 'EnLa 1161', 'Inst-157', '1', '45', 'eco', NULL, NULL, '3', '2012'),
(719, 'Econ 1011', 'Inst-132', '1', '45', 'eco', NULL, NULL, '3', '2012'),
(720, 'Anat 1031', 'Inst-160', '1', '45', 'ho', NULL, NULL, '3', '2012'),
(721, 'Phyl 1032', 'Inst-158', '1', '45', 'ho', NULL, NULL, '3', '2012'),
(722, 'Chem. 1041', 'Inst-160', '1', '45', 'ho', NULL, NULL, '3', '2012'),
(723, 'Chem. 1042', 'Inst-161', '1', '45', 'ho', NULL, NULL, '3', '2012'),
(724, 'ANAT 121', 'Inst-160', '1', '45', 'nrs', NULL, NULL, '3', '2012'),
(725, 'PHYL 121', 'Inst-161', '1', '45', 'nrs', NULL, NULL, '3', '2012'),
(726, 'NURS 101', 'Inst-156', '1', '45', 'nrs', NULL, NULL, '3', '2012'),
(727, 'PARA 221', 'Inst-159', '1', '45', 'nrs', NULL, NULL, '3', '2012'),
(728, 'FLEn 101', 'Inst-150', '1', '45', 'nrs', NULL, NULL, '3', '2012'),
(729, 'SOSA101', 'Inst-134', '1', '45', 'nrs', NULL, NULL, '3', '2012'),
(730, 'ANAT 121', 'Inst-160', '2', '45', 'nrs', NULL, NULL, '3', '2012'),
(731, 'PHYL 121', 'Inst-152', '2', '45', 'nrs', NULL, NULL, '3', '2012'),
(732, 'NURS 101', 'Inst-156', '2', '45', 'nrs', NULL, NULL, '3', '2012'),
(733, 'PARA 221', 'Inst-159', '2', '45', 'nrs', NULL, NULL, '3', '2012'),
(734, 'FLEn 101', 'Inst-150', '2', '45', 'nrs', NULL, NULL, '3', '2012'),
(735, 'SOSA101', 'Inst-134', '2', '45', 'nrs', NULL, NULL, '3', '2012'),
(820, 'CoSc1011', 'Inst-136', '1', '45', 'cs', NULL, NULL, '2', '2012'),
(821, 'CoSc1013', 'Inst-137', '1', '45', 'cs', NULL, NULL, '2', '2012'),
(822, 'FlEn1011', 'Inst-155', '1', '45', 'cs', NULL, NULL, '2', '2012'),
(823, 'Econ 1011', 'Inst-135', '1', '45', 'cs', NULL, NULL, '2', '2012'),
(824, 'CoSc1011', 'Inst-136', '2', '45', 'cs', NULL, NULL, '2', '2012'),
(825, 'CoSc1013', 'Inst-137', '2', '45', 'cs', NULL, NULL, '2', '2012'),
(826, 'FlEn1011', 'Inst-155', '2', '45', 'cs', NULL, NULL, '2', '2012'),
(827, 'Econ 1011', 'Inst-135', '2', '45', 'cs', NULL, NULL, '2', '2012'),
(828, 'MIS 101', 'Inst-122', '1', '45', 'mis', NULL, NULL, '2', '2012'),
(829, 'Math1011', 'Inst-141', '1', '45', 'mis', NULL, NULL, '2', '2012'),
(830, 'FlEn1011', 'Inst-162', '1', '45', 'mis', NULL, NULL, '2', '2012'),
(831, 'Econ.1011', 'Inst-125', '1', '45', 'mis', NULL, NULL, '2', '2012'),
(832, 'ACFn 1031', 'Inst-143', '1', '45', 'acc', NULL, NULL, '2', '2012'),
(833, 'Mgmt 1051', 'Inst-117', '1', '45', 'acc', NULL, NULL, '2', '2012'),
(834, 'EnLa 1011', 'Inst-157', '1', '45', 'acc', NULL, NULL, '2', '2012'),
(835, 'Econ 1011', 'Inst-119', '1', '45', 'acc', NULL, NULL, '2', '2012'),
(836, 'ACFn 1031', 'Inst-116', '2', '45', 'acc', NULL, NULL, '2', '2012'),
(837, 'Mgmt 1051', 'Inst-117', '2', '45', 'acc', NULL, NULL, '2', '2012'),
(838, 'EnLa 1011', 'Inst-147', '2', '45', 'acc', NULL, NULL, '2', '2012'),
(839, 'Econ 1011', 'Inst-119', '2', '45', 'acc', NULL, NULL, '2', '2012'),
(840, 'ACFn 1031', 'Inst-116', '3', '45', 'acc', NULL, NULL, '2', '2012'),
(841, 'Mgmt 1051', 'Inst-117', '3', '45', 'acc', NULL, NULL, '2', '2012'),
(842, 'EnLa 1011', 'Inst-147', '3', '45', 'acc', NULL, NULL, '2', '2012'),
(843, 'Econ 1011', 'Inst-119', '3', '45', 'acc', NULL, NULL, '2', '2012'),
(844, 'ACFn 1031', 'Inst-114', '4', '45', 'acc', NULL, NULL, '2', '2012'),
(845, 'Mgmt 1051', 'Inst-117', '4', '45', 'acc', NULL, NULL, '2', '2012'),
(846, 'EnLa 1011', 'Inst-147', '4', '45', 'acc', NULL, NULL, '2', '2012'),
(847, 'Econ 1011', 'Inst-124', '4', '45', 'acc', NULL, NULL, '2', '2012'),
(848, 'ACFn 1031', 'Inst-114', '5', '45', 'acc', NULL, NULL, '2', '2012'),
(849, 'Mgmt 1051', 'Inst-121', '5', '45', 'acc', NULL, NULL, '2', '2012'),
(850, 'EnLa 1011', 'Inst-145', '5', '45', 'acc', NULL, NULL, '2', '2012'),
(851, 'Econ 1011', 'Inst-124', '5', '45', 'acc', NULL, NULL, '2', '2012'),
(852, 'ACFn 1031', 'Inst-114', '6', '45', 'acc', NULL, NULL, '2', '2012'),
(853, 'Mgmt 1051', 'Inst-121', '6', '45', 'acc', NULL, NULL, '2', '2012'),
(854, 'EnLa 1011', 'Inst-150', '6', '45', 'acc', NULL, NULL, '2', '2012'),
(855, 'Econ 1011', 'Inst-124', '6', '45', 'acc', NULL, NULL, '2', '2012'),
(856, 'ACFn 1031', 'Inst-115', '7', '45', 'acc', NULL, NULL, '2', '2012'),
(857, 'Mgmt 1051', 'Inst-121', '7', '45', 'acc', NULL, NULL, '2', '2012'),
(858, 'EnLa 1011', 'Inst-143', '7', '45', 'acc', NULL, NULL, '2', '2012'),
(859, 'Econ 1011', 'Inst-127', '7', '45', 'acc', NULL, NULL, '2', '2012'),
(860, 'ACFn 1031', 'Inst-115', '8', '45', 'acc', NULL, NULL, '2', '2012'),
(861, 'Mgmt 1051', 'Inst-121', '8', '45', 'acc', NULL, NULL, '2', '2012'),
(862, 'EnLa 1011', 'Inst-143', '8', '45', 'acc', NULL, NULL, '2', '2012'),
(863, 'Econ 1011', 'Inst-127', '8', '45', 'acc', NULL, NULL, '2', '2012'),
(864, 'ACFn 1031', 'Inst-115', '9', '45', 'acc', NULL, NULL, '2', '2012'),
(865, 'Mgmt 1051', 'Inst-120', '9', '45', 'acc', NULL, NULL, '2', '2012'),
(866, 'EnLa 1011', 'Inst-153', '9', '45', 'acc', NULL, NULL, '2', '2012'),
(867, 'Econ 1011', 'Inst-127', '9', '45', 'acc', NULL, NULL, '2', '2012'),
(868, 'ACFn 1031', 'Inst-113', '10', '45', 'acc', NULL, NULL, '2', '2012'),
(869, 'Mgmt 1051', 'Inst-120', '10', '45', 'acc', NULL, NULL, '2', '2012'),
(870, 'EnLa 1011', 'Inst-144', '10', '45', 'acc', NULL, NULL, '2', '2012'),
(871, 'Econ 1011', 'Inst-127', '10', '45', 'acc', NULL, NULL, '2', '2012'),
(872, 'Acc-201', 'Inst-111', '1', '45', 'badm', NULL, NULL, '2', '2012'),
(873, 'MGMT-212', 'Inst-126', '1', '45', 'badm', NULL, NULL, '2', '2012'),
(874, 'Enla-1011', 'Inst-153', '1', '45', 'badm', NULL, NULL, '2', '2012'),
(875, 'Econ 1011', 'Inst-146', '1', '45', 'badm', NULL, NULL, '2', '2012'),
(876, 'Acc-201', 'Inst-111', '2', '45', 'badm', NULL, NULL, '2', '2012'),
(877, 'MGMT-212', 'Inst-126', '2', '45', 'badm', NULL, NULL, '2', '2012'),
(878, 'Enla-1011', 'Inst-148', '2', '45', 'badm', NULL, NULL, '2', '2012'),
(879, 'Econ 1011', 'Inst-146', '2', '45', 'badm', NULL, NULL, '2', '2012'),
(880, 'Acc-201', 'Inst-111', '3', '45', 'badm', NULL, NULL, '2', '2012'),
(881, 'MGMT-212', 'Inst-126', '3', '45', 'badm', NULL, NULL, '2', '2012'),
(882, 'Enla-1011', 'Inst-148', '3', '45', 'badm', NULL, NULL, '2', '2012'),
(883, 'Econ 1011', 'Inst-123', '3', '45', 'badm', NULL, NULL, '2', '2012'),
(884, 'Acc-201', 'Inst-112', '1', '45', 'mng', NULL, NULL, '2', '2012'),
(885, 'MGMT-212', 'Inst-126', '1', '45', 'mng', NULL, NULL, '2', '2012'),
(886, 'Enla-1011', 'Inst-149', '1', '45', 'mng', NULL, NULL, '2', '2012'),
(887, 'Econ 1011', 'Inst-134', '1', '45', 'mng', NULL, NULL, '2', '2012'),
(888, 'Acc-201', 'Inst-112', '2', '45', 'mng', NULL, NULL, '2', '2012'),
(889, 'MGMT-212', 'Inst-126', '2', '45', 'mng', NULL, NULL, '2', '2012'),
(890, 'Enla-1011', 'Inst-149', '2', '45', 'mng', NULL, NULL, '2', '2012'),
(891, 'Econ 1011', 'Inst-134', '2', '45', 'mng', NULL, NULL, '2', '2012'),
(892, 'Acct 2201', 'Inst-123', '1', '45', 'eco', NULL, NULL, '2', '2012'),
(893, 'Psyc 1011', 'Inst-154', '1', '45', 'eco', NULL, NULL, '2', '2012'),
(894, 'EnLa 1161', 'Inst-147', '1', '45', 'eco', NULL, NULL, '2', '2012'),
(895, 'Econ 1011', 'Inst-123', '1', '45', 'eco', NULL, NULL, '2', '2012'),
(896, 'Acct 2201', 'Inst-123', '2', '45', 'eco', NULL, NULL, '2', '2012'),
(897, 'Psyc 1011', 'Inst-154', '2', '45', 'eco', NULL, NULL, '2', '2012'),
(898, 'EnLa 1161', 'Inst-147', '2', '45', 'eco', NULL, NULL, '2', '2012'),
(899, 'Econ 1011', 'Inst-128', '2', '45', 'eco', NULL, NULL, '2', '2012'),
(900, 'Acct 2201', 'Inst-128', '1', '45', 'mrk', NULL, NULL, '2', '2012'),
(901, 'Mgt 201', 'Inst-130', '1', '45', 'mrk', NULL, NULL, '2', '2012'),
(902, 'EnLa 1161', 'Inst-140', '1', '45', 'mrk', NULL, NULL, '2', '2012'),
(903, 'Econ 1011', 'Inst-144', '1', '45', 'mrk', NULL, NULL, '2', '2012');

-- --------------------------------------------------------

--
-- Table structure for table `custom_rooms`
--

CREATE TABLE `custom_rooms` (
  `id` bigint(20) UNSIGNED NOT NULL,
  `building` varchar(191) COLLATE utf8mb4_unicode_ci NOT NULL,
  `floors` varchar(191) COLLATE utf8mb4_unicode_ci NOT NULL,
  `rooms` varchar(191) COLLATE utf8mb4_unicode_ci NOT NULL,
  `created_at` timestamp NULL DEFAULT NULL,
  `updated_at` timestamp NULL DEFAULT NULL
) ENGINE=InnoDB DEFAULT CHARSET=utf8mb4 COLLATE=utf8mb4_unicode_ci;

-- --------------------------------------------------------

--
-- Table structure for table `exam_schedules`
--

CREATE TABLE `exam_schedules` (
  `id` bigint(20) UNSIGNED NOT NULL,
  `date` varchar(191) COLLATE utf8mb4_unicode_ci NOT NULL,
  `time` varchar(191) COLLATE utf8mb4_unicode_ci NOT NULL,
  `department` varchar(191) COLLATE utf8mb4_unicode_ci NOT NULL,
  `modality` varchar(191) COLLATE utf8mb4_unicode_ci NOT NULL,
  `batch` varchar(191) COLLATE utf8mb4_unicode_ci NOT NULL,
  `section` int(11) NOT NULL,
  `course` varchar(191) COLLATE utf8mb4_unicode_ci NOT NULL,
  `invigilator_id` int(11) NOT NULL,
  `classroom_id` int(11) NOT NULL,
  `type` varchar(191) COLLATE utf8mb4_unicode_ci NOT NULL,
  `created_at` timestamp NULL DEFAULT NULL,
  `updated_at` timestamp NULL DEFAULT NULL
) ENGINE=InnoDB DEFAULT CHARSET=utf8mb4 COLLATE=utf8mb4_unicode_ci;

--
-- Dumping data for table `exam_schedules`
--

INSERT INTO `exam_schedules` (`id`, `date`, `time`, `department`, `modality`, `batch`, `section`, `course`, `invigilator_id`, `classroom_id`, `type`, `created_at`, `updated_at`) VALUES
(1, '2021-04-05', 'mor', 'cs', '1', '2012', 1, 'CoSc1011', 1, 60, 'mid', '2021-04-25 12:18:12', '2021-04-25 12:18:12'),
(2, '2021-04-05', 'mor', 'cs', '1', '2012', 2, 'CoSc1011', 2, 61, 'mid', '2021-04-25 12:18:12', '2021-04-25 12:18:12'),
(3, '2021-04-05', 'mor', 'acc', '1', '2012', 1, 'ACFn 1031', 3, 62, 'mid', '2021-04-25 12:18:12', '2021-04-25 12:18:12'),
(4, '2021-04-05', 'mor', 'acc', '1', '2012', 2, 'ACFn 1031', 4, 65, 'mid', '2021-04-25 12:18:12', '2021-04-25 12:18:12'),
(5, '2021-04-05', 'mor', 'acc', '1', '2012', 3, 'ACFn 1031', 5, 66, 'mid', '2021-04-25 12:18:12', '2021-04-25 12:18:12'),
(6, '2021-04-05', 'mor', 'acc', '1', '2012', 4, 'ACFn 1031', 6, 68, 'mid', '2021-04-25 12:18:13', '2021-04-25 12:18:13'),
(7, '2021-04-05', 'mor', 'acc', '1', '2012', 5, 'ACFn 1031', 7, 69, 'mid', '2021-04-25 12:18:13', '2021-04-25 12:18:13'),
(8, '2021-04-05', 'mor', 'acc', '1', '2012', 6, 'ACFn 1031', 8, 70, 'mid', '2021-04-25 12:18:13', '2021-04-25 12:18:13'),
(9, '2021-04-05', 'mor', 'badm', '1', '2012', 1, 'Acc-201', 9, 27, 'mid', '2021-04-25 12:18:13', '2021-04-25 12:18:13'),
(10, '2021-04-05', 'mor', 'badm', '1', '2012', 2, 'Acc-201', 10, 28, 'mid', '2021-04-25 12:18:13', '2021-04-25 12:18:13'),
(11, '2021-04-05', 'mor', 'mng', '1', '2012', 1, 'Acc-201', 11, 29, 'mid', '2021-04-25 12:18:13', '2021-04-25 12:18:13'),
(12, '2021-04-05', 'mor', 'eco', '1', '2012', 1, 'Acct 2201', 12, 30, 'mid', '2021-04-25 12:18:13', '2021-04-25 12:18:13'),
(13, '2021-04-05', 'mor', 'eco', '1', '2012', 2, 'Acct 2201', 13, 31, 'mid', '2021-04-25 12:18:13', '2021-04-25 12:18:13'),
(14, '2021-04-05', 'mor', 'mrk', '1', '2012', 1, 'Acct 2201', 14, 32, 'mid', '2021-04-25 12:18:14', '2021-04-25 12:18:14'),
(15, '2021-04-05', 'mor', 'pha', '1', '2012', 1, 'Anat 1031', 15, 33, 'mid', '2021-04-25 12:18:14', '2021-04-25 12:18:14'),
(16, '2021-04-05', 'mor', 'pha', '1', '2012', 2, 'Anat 1031', 16, 34, 'mid', '2021-04-25 12:18:14', '2021-04-25 12:18:14'),
(17, '2021-04-05', 'mor', 'nrs', '1', '2012', 1, 'ANAT 121', 17, 35, 'mid', '2021-04-25 12:18:14', '2021-04-25 12:18:14'),
(18, '2021-04-05', 'mor', 'nrs', '1', '2012', 2, 'ANAT 121', 18, 36, 'mid', '2021-04-25 12:18:14', '2021-04-25 12:18:14'),
(19, '2021-04-06', 'mor', 'cs', '1', '2012', 1, 'CoSc1013', 1, 60, 'mid', '2021-04-25 12:18:14', '2021-04-25 12:18:14'),
(20, '2021-04-06', 'mor', 'cs', '1', '2012', 2, 'CoSc1013', 2, 61, 'mid', '2021-04-25 12:18:14', '2021-04-25 12:18:14'),
(21, '2021-04-06', 'mor', 'acc', '1', '2012', 1, 'Econ 1011', 3, 62, 'mid', '2021-04-25 12:18:14', '2021-04-25 12:18:14'),
(22, '2021-04-06', 'mor', 'acc', '1', '2012', 2, 'Econ 1011', 4, 65, 'mid', '2021-04-25 12:18:15', '2021-04-25 12:18:15'),
(23, '2021-04-06', 'mor', 'acc', '1', '2012', 3, 'Econ 1011', 5, 66, 'mid', '2021-04-25 12:18:15', '2021-04-25 12:18:15'),
(24, '2021-04-06', 'mor', 'acc', '1', '2012', 4, 'Econ 1011', 6, 68, 'mid', '2021-04-25 12:18:15', '2021-04-25 12:18:15'),
(25, '2021-04-06', 'mor', 'acc', '1', '2012', 5, 'Econ 1011', 7, 69, 'mid', '2021-04-25 12:18:15', '2021-04-25 12:18:15'),
(26, '2021-04-06', 'mor', 'acc', '1', '2012', 6, 'Econ 1011', 8, 70, 'mid', '2021-04-25 12:18:15', '2021-04-25 12:18:15'),
(27, '2021-04-06', 'mor', 'badm', '1', '2012', 1, 'Econ.1011', 9, 27, 'mid', '2021-04-25 12:18:15', '2021-04-25 12:18:15'),
(28, '2021-04-06', 'mor', 'badm', '1', '2012', 2, 'Econ.1011', 10, 28, 'mid', '2021-04-25 12:18:15', '2021-04-25 12:18:15'),
(29, '2021-04-06', 'mor', 'mng', '1', '2012', 1, 'Econ 1011', 11, 29, 'mid', '2021-04-25 12:18:15', '2021-04-25 12:18:15'),
(30, '2021-04-06', 'mor', 'eco', '1', '2012', 1, 'Econ 1011', 12, 30, 'mid', '2021-04-25 12:18:16', '2021-04-25 12:18:16'),
(31, '2021-04-06', 'mor', 'eco', '1', '2012', 2, 'Econ 1011', 13, 31, 'mid', '2021-04-25 12:18:16', '2021-04-25 12:18:16'),
(32, '2021-04-06', 'mor', 'mrk', '1', '2012', 1, 'Econ 1011', 14, 32, 'mid', '2021-04-25 12:18:16', '2021-04-25 12:18:16'),
(33, '2021-04-06', 'mor', 'pha', '1', '2012', 1, 'Chem. 1041', 15, 33, 'mid', '2021-04-25 12:18:16', '2021-04-25 12:18:16'),
(34, '2021-04-06', 'mor', 'pha', '1', '2012', 2, 'Chem. 1041', 16, 34, 'mid', '2021-04-25 12:18:16', '2021-04-25 12:18:16'),
(35, '2021-04-06', 'mor', 'nrs', '1', '2012', 1, 'CIVS1011', 17, 35, 'mid', '2021-04-25 12:18:16', '2021-04-25 12:18:16'),
(36, '2021-04-06', 'mor', 'nrs', '1', '2012', 2, 'CIVS1011', 18, 36, 'mid', '2021-04-25 12:18:16', '2021-04-25 12:18:16'),
(37, '2021-04-07', 'mor', 'cs', '1', '2012', 1, 'Econ 1011', 1, 60, 'mid', '2021-04-25 12:18:16', '2021-04-25 12:18:16'),
(38, '2021-04-07', 'mor', 'cs', '1', '2012', 2, 'Econ 1011', 2, 61, 'mid', '2021-04-25 12:18:17', '2021-04-25 12:18:17'),
(39, '2021-04-07', 'mor', 'acc', '1', '2012', 1, 'EnLa 1011', 3, 62, 'mid', '2021-04-25 12:18:17', '2021-04-25 12:18:17'),
(40, '2021-04-07', 'mor', 'acc', '1', '2012', 2, 'EnLa 1011', 4, 65, 'mid', '2021-04-25 12:18:17', '2021-04-25 12:18:17'),
(41, '2021-04-07', 'mor', 'acc', '1', '2012', 3, 'EnLa 1011', 5, 66, 'mid', '2021-04-25 12:18:17', '2021-04-25 12:18:17'),
(42, '2021-04-07', 'mor', 'acc', '1', '2012', 4, 'EnLa 1011', 6, 68, 'mid', '2021-04-25 12:18:17', '2021-04-25 12:18:17'),
(43, '2021-04-07', 'mor', 'acc', '1', '2012', 5, 'EnLa 1011', 7, 69, 'mid', '2021-04-25 12:18:17', '2021-04-25 12:18:17'),
(44, '2021-04-07', 'mor', 'acc', '1', '2012', 6, 'EnLa 1011', 8, 70, 'mid', '2021-04-25 12:18:17', '2021-04-25 12:18:17'),
(45, '2021-04-07', 'mor', 'badm', '1', '2012', 1, 'Enla-100', 9, 27, 'mid', '2021-04-25 12:18:17', '2021-04-25 12:18:17'),
(46, '2021-04-07', 'mor', 'badm', '1', '2012', 2, 'Enla-100', 10, 28, 'mid', '2021-04-25 12:18:18', '2021-04-25 12:18:18'),
(47, '2021-04-07', 'mor', 'mng', '1', '2012', 1, 'Enla-1011', 11, 29, 'mid', '2021-04-25 12:18:18', '2021-04-25 12:18:18'),
(48, '2021-04-07', 'mor', 'eco', '1', '2012', 1, 'EnLa 1161', 12, 30, 'mid', '2021-04-25 12:18:18', '2021-04-25 12:18:18'),
(49, '2021-04-07', 'mor', 'eco', '1', '2012', 2, 'EnLa 1161', 13, 31, 'mid', '2021-04-25 12:18:18', '2021-04-25 12:18:18'),
(50, '2021-04-07', 'mor', 'mrk', '1', '2012', 1, 'EnLa 1161', 14, 32, 'mid', '2021-04-25 12:18:18', '2021-04-25 12:18:18'),
(51, '2021-04-07', 'mor', 'pha', '1', '2012', 1, 'Chem. 1042', 15, 33, 'mid', '2021-04-25 12:18:18', '2021-04-25 12:18:18'),
(52, '2021-04-07', 'mor', 'pha', '1', '2012', 2, 'Chem. 1042', 16, 34, 'mid', '2021-04-25 12:18:18', '2021-04-25 12:18:18'),
(53, '2021-04-07', 'mor', 'nrs', '1', '2012', 1, 'FLEn 101', 17, 35, 'mid', '2021-04-25 12:18:19', '2021-04-25 12:18:19'),
(54, '2021-04-07', 'mor', 'nrs', '1', '2012', 2, 'FLEn 101', 18, 36, 'mid', '2021-04-25 12:18:19', '2021-04-25 12:18:19'),
(55, '2021-04-08', 'mor', 'cs', '1', '2012', 1, 'FlEn1011', 1, 60, 'mid', '2021-04-25 12:18:19', '2021-04-25 12:18:19'),
(56, '2021-04-08', 'mor', 'cs', '1', '2012', 2, 'FlEn1011', 2, 61, 'mid', '2021-04-25 12:18:19', '2021-04-25 12:18:19'),
(57, '2021-04-08', 'mor', 'acc', '1', '2012', 1, 'Mgmt 1051', 3, 62, 'mid', '2021-04-25 12:18:19', '2021-04-25 12:18:19'),
(58, '2021-04-08', 'mor', 'acc', '1', '2012', 2, 'Mgmt 1051', 4, 65, 'mid', '2021-04-25 12:18:19', '2021-04-25 12:18:19'),
(59, '2021-04-08', 'mor', 'acc', '1', '2012', 3, 'Mgmt 1051', 5, 66, 'mid', '2021-04-25 12:18:19', '2021-04-25 12:18:19'),
(60, '2021-04-08', 'mor', 'acc', '1', '2012', 4, 'Mgmt 1051', 6, 68, 'mid', '2021-04-25 12:18:19', '2021-04-25 12:18:19'),
(61, '2021-04-08', 'mor', 'acc', '1', '2012', 5, 'Mgmt 1051', 7, 69, 'mid', '2021-04-25 12:18:19', '2021-04-25 12:18:19'),
(62, '2021-04-08', 'mor', 'acc', '1', '2012', 6, 'Mgmt 1051', 8, 70, 'mid', '2021-04-25 12:18:19', '2021-04-25 12:18:19'),
(63, '2021-04-08', 'mor', 'badm', '1', '2012', 1, 'LoCT 1011', 9, 27, 'mid', '2021-04-25 12:18:20', '2021-04-25 12:18:20'),
(64, '2021-04-08', 'mor', 'badm', '1', '2012', 2, 'LoCT 1011', 10, 28, 'mid', '2021-04-25 12:18:20', '2021-04-25 12:18:20'),
(65, '2021-04-08', 'mor', 'mng', '1', '2012', 1, 'MGMT-212', 11, 29, 'mid', '2021-04-25 12:18:20', '2021-04-25 12:18:20'),
(66, '2021-04-08', 'mor', 'eco', '1', '2012', 1, 'LoCT 1011', 12, 30, 'mid', '2021-04-25 12:18:20', '2021-04-25 12:18:20'),
(67, '2021-04-08', 'mor', 'eco', '1', '2012', 2, 'LoCT 1011', 13, 31, 'mid', '2021-04-25 12:18:20', '2021-04-25 12:18:20'),
(68, '2021-04-08', 'mor', 'mrk', '1', '2012', 1, 'Mgt 201', 14, 32, 'mid', '2021-04-25 12:18:20', '2021-04-25 12:18:20'),
(69, '2021-04-08', 'mor', 'pha', '1', '2012', 1, 'FlEn 1011', 15, 33, 'mid', '2021-04-25 12:18:20', '2021-04-25 12:18:20'),
(70, '2021-04-08', 'mor', 'pha', '1', '2012', 2, 'FlEn 1011', 16, 34, 'mid', '2021-04-25 12:18:20', '2021-04-25 12:18:20'),
(71, '2021-04-08', 'mor', 'nrs', '1', '2012', 1, 'LoCT1011', 17, 35, 'mid', '2021-04-25 12:18:21', '2021-04-25 12:18:21'),
(72, '2021-04-08', 'mor', 'nrs', '1', '2012', 2, 'LoCT1011', 18, 36, 'mid', '2021-04-25 12:18:21', '2021-04-25 12:18:21'),
(73, '2021-04-09', 'mor', 'cs', '1', '2012', 1, 'LoCT 1011', 1, 60, 'mid', '2021-04-25 12:18:21', '2021-04-25 12:18:21'),
(74, '2021-04-09', 'mor', 'cs', '1', '2012', 2, 'LoCT 1011', 2, 61, 'mid', '2021-04-25 12:18:21', '2021-04-25 12:18:21'),
(75, '2021-04-09', 'mor', 'badm', '1', '2012', 1, 'MGMT-212', 9, 27, 'mid', '2021-04-25 12:18:21', '2021-04-25 12:18:21'),
(76, '2021-04-09', 'mor', 'badm', '1', '2012', 2, 'MGMT-212', 10, 28, 'mid', '2021-04-25 12:18:21', '2021-04-25 12:18:21'),
(77, '2021-04-09', 'mor', 'eco', '1', '2012', 1, 'Psyc 1011', 12, 30, 'mid', '2021-04-25 12:18:22', '2021-04-25 12:18:22'),
(78, '2021-04-09', 'mor', 'eco', '1', '2012', 2, 'Psyc 1011', 13, 31, 'mid', '2021-04-25 12:18:22', '2021-04-25 12:18:22'),
(79, '2021-04-09', 'mor', 'pha', '1', '2012', 1, 'loCT 1011', 15, 33, 'mid', '2021-04-25 12:18:22', '2021-04-25 12:18:22'),
(80, '2021-04-09', 'mor', 'pha', '1', '2012', 2, 'loCT 1011', 16, 34, 'mid', '2021-04-25 12:18:22', '2021-04-25 12:18:22'),
(81, '2021-04-09', 'mor', 'nrs', '1', '2012', 1, 'NURS 101', 17, 35, 'mid', '2021-04-25 12:18:23', '2021-04-25 12:18:23'),
(82, '2021-04-09', 'mor', 'nrs', '1', '2012', 2, 'NURS 101', 18, 36, 'mid', '2021-04-25 12:18:23', '2021-04-25 12:18:23'),
(83, '2021-04-10', 'mor', 'cs', '1', '2012', 1, 'SpSc', 1, 60, 'mid', '2021-04-25 12:18:23', '2021-04-25 12:18:23'),
(84, '2021-04-10', 'mor', 'cs', '1', '2012', 2, 'SpSc', 2, 61, 'mid', '2021-04-25 12:18:23', '2021-04-25 12:18:23'),
(85, '2021-04-10', 'mor', 'badm', '1', '2012', 1, 'SpSc 1011', 9, 27, 'mid', '2021-04-25 12:18:24', '2021-04-25 12:18:24'),
(86, '2021-04-10', 'mor', 'badm', '1', '2012', 2, 'SpSc 1011', 10, 28, 'mid', '2021-04-25 12:18:24', '2021-04-25 12:18:24'),
(87, '2021-04-10', 'mor', 'eco', '1', '2012', 1, 'Spsc 1011', 12, 30, 'mid', '2021-04-25 12:18:24', '2021-04-25 12:18:24'),
(88, '2021-04-10', 'mor', 'eco', '1', '2012', 2, 'Spsc 1011', 13, 31, 'mid', '2021-04-25 12:18:24', '2021-04-25 12:18:24'),
(89, '2021-04-10', 'mor', 'pha', '1', '2012', 1, 'Moced 1011', 15, 33, 'mid', '2021-04-25 12:18:24', '2021-04-25 12:18:24'),
(90, '2021-04-10', 'mor', 'pha', '1', '2012', 2, 'Moced 1011', 16, 34, 'mid', '2021-04-25 12:18:24', '2021-04-25 12:18:24'),
(91, '2021-04-10', 'mor', 'nrs', '1', '2012', 1, 'PARA 221', 17, 35, 'mid', '2021-04-25 12:18:25', '2021-04-25 12:18:25'),
(92, '2021-04-10', 'mor', 'nrs', '1', '2012', 2, 'PARA 221', 18, 36, 'mid', '2021-04-25 12:18:25', '2021-04-25 12:18:25'),
(93, '2021-04-11', 'mor', 'pha', '1', '2012', 1, 'Phyl 1032', 15, 33, 'mid', '2021-04-25 12:18:25', '2021-04-25 12:18:25'),
(94, '2021-04-11', 'mor', 'pha', '1', '2012', 2, 'Phyl 1032', 16, 34, 'mid', '2021-04-25 12:18:25', '2021-04-25 12:18:25'),
(95, '2021-04-11', 'mor', 'nrs', '1', '2012', 1, 'PHYL 121', 17, 35, 'mid', '2021-04-25 12:18:25', '2021-04-25 12:18:25'),
(96, '2021-04-11', 'mor', 'nrs', '1', '2012', 2, 'PHYL 121', 18, 36, 'mid', '2021-04-25 12:18:25', '2021-04-25 12:18:25'),
(97, '2021-04-12', 'mor', 'pha', '1', '2012', 1, 'soAnt 1011', 15, 33, 'mid', '2021-04-25 12:18:25', '2021-04-25 12:18:25'),
(98, '2021-04-12', 'mor', 'pha', '1', '2012', 2, 'soAnt 1011', 16, 34, 'mid', '2021-04-25 12:18:25', '2021-04-25 12:18:25'),
(99, '2021-04-12', 'mor', 'nrs', '1', '2012', 1, 'SOSA101', 17, 35, 'mid', '2021-04-25 12:18:25', '2021-04-25 12:18:25'),
(100, '2021-04-12', 'mor', 'nrs', '1', '2012', 2, 'SOSA101', 18, 36, 'mid', '2021-04-25 12:18:26', '2021-04-25 12:18:26'),
(101, '2021-04-13', 'mor', 'pha', '1', '2012', 1, 'Spsc 1011', 15, 33, 'mid', '2021-04-25 12:18:26', '2021-04-25 12:18:26'),
(102, '2021-04-13', 'mor', 'pha', '1', '2012', 2, 'Spsc 1011', 16, 34, 'mid', '2021-04-25 12:18:26', '2021-04-25 12:18:26'),
(103, '2021-04-13', 'mor', 'nrs', '1', '2012', 1, 'SpSc1023', 17, 35, 'mid', '2021-04-25 12:18:26', '2021-04-25 12:18:26'),
(104, '2021-04-13', 'mor', 'nrs', '1', '2012', 2, 'SpSc1023', 18, 36, 'mid', '2021-04-25 12:18:26', '2021-04-25 12:18:26'),
(105, '2021-04-23', 'night', 'cs', '2', '2012', 1, 'CoSc1011', 1, 60, 'mid', '2021-04-25 18:11:31', '2021-04-25 18:11:31'),
(106, '2021-04-23', 'night', 'cs', '2', '2012', 2, 'CoSc1011', 2, 61, 'mid', '2021-04-25 18:11:31', '2021-04-25 18:11:31'),
(107, '2021-04-23', 'night', 'mis', '2', '2012', 1, 'Econ.1011', 3, 62, 'mid', '2021-04-25 18:11:31', '2021-04-25 18:11:31'),
(108, '2021-04-23', 'night', 'acc', '2', '2012', 1, 'ACFn 1031', 4, 65, 'mid', '2021-04-25 18:11:31', '2021-04-25 18:11:31'),
(109, '2021-04-23', 'night', 'acc', '2', '2012', 2, 'ACFn 1031', 5, 66, 'mid', '2021-04-25 18:11:31', '2021-04-25 18:11:31'),
(110, '2021-04-23', 'night', 'acc', '2', '2012', 3, 'ACFn 1031', 6, 68, 'mid', '2021-04-25 18:11:31', '2021-04-25 18:11:31'),
(111, '2021-04-23', 'night', 'acc', '2', '2012', 4, 'ACFn 1031', 7, 69, 'mid', '2021-04-25 18:11:31', '2021-04-25 18:11:31'),
(112, '2021-04-23', 'night', 'acc', '2', '2012', 5, 'ACFn 1031', 8, 70, 'mid', '2021-04-25 18:11:31', '2021-04-25 18:11:31'),
(113, '2021-04-23', 'night', 'acc', '2', '2012', 6, 'ACFn 1031', 9, 27, 'mid', '2021-04-25 18:11:31', '2021-04-25 18:11:31'),
(114, '2021-04-23', 'night', 'acc', '2', '2012', 7, 'ACFn 1031', 10, 28, 'mid', '2021-04-25 18:11:31', '2021-04-25 18:11:31'),
(115, '2021-04-23', 'night', 'acc', '2', '2012', 8, 'ACFn 1031', 11, 29, 'mid', '2021-04-25 18:11:31', '2021-04-25 18:11:31'),
(116, '2021-04-23', 'night', 'acc', '2', '2012', 9, 'ACFn 1031', 12, 30, 'mid', '2021-04-25 18:11:31', '2021-04-25 18:11:31'),
(117, '2021-04-23', 'night', 'acc', '2', '2012', 10, 'ACFn 1031', 13, 31, 'mid', '2021-04-25 18:11:31', '2021-04-25 18:11:31'),
(118, '2021-04-23', 'night', 'badm', '2', '2012', 1, 'Acc-201', 14, 32, 'mid', '2021-04-25 18:11:31', '2021-04-25 18:11:31'),
(119, '2021-04-23', 'night', 'badm', '2', '2012', 2, 'Acc-201', 15, 33, 'mid', '2021-04-25 18:11:31', '2021-04-25 18:11:31'),
(120, '2021-04-23', 'night', 'badm', '2', '2012', 3, 'Acc-201', 16, 34, 'mid', '2021-04-25 18:11:31', '2021-04-25 18:11:31'),
(121, '2021-04-23', 'night', 'mng', '2', '2012', 1, 'Acc-201', 17, 35, 'mid', '2021-04-25 18:11:31', '2021-04-25 18:11:31'),
(122, '2021-04-23', 'night', 'mng', '2', '2012', 2, 'Acc-201', 18, 36, 'mid', '2021-04-25 18:11:32', '2021-04-25 18:11:32'),
(123, '2021-04-23', 'night', 'eco', '2', '2012', 1, 'Acct 2201', 19, 37, 'mid', '2021-04-25 18:11:32', '2021-04-25 18:11:32'),
(124, '2021-04-23', 'night', 'eco', '2', '2012', 2, 'Acct 2201', 20, 38, 'mid', '2021-04-25 18:11:32', '2021-04-25 18:11:32'),
(125, '2021-04-23', 'night', 'mrk', '2', '2012', 1, 'Acct 2201', 21, 39, 'mid', '2021-04-25 18:11:32', '2021-04-25 18:11:32'),
(126, '2021-04-24', 'night', 'cs', '2', '2012', 1, 'CoSc1013', 1, 60, 'mid', '2021-04-25 18:11:32', '2021-04-25 18:11:32'),
(127, '2021-04-24', 'night', 'cs', '2', '2012', 2, 'CoSc1013', 2, 61, 'mid', '2021-04-25 18:11:32', '2021-04-25 18:11:32'),
(128, '2021-04-24', 'night', 'mis', '2', '2012', 1, 'FlEn1011', 3, 62, 'mid', '2021-04-25 18:11:32', '2021-04-25 18:11:32'),
(129, '2021-04-24', 'night', 'acc', '2', '2012', 1, 'Econ 1011', 4, 65, 'mid', '2021-04-25 18:11:32', '2021-04-25 18:11:32'),
(130, '2021-04-24', 'night', 'acc', '2', '2012', 2, 'Econ 1011', 5, 66, 'mid', '2021-04-25 18:11:32', '2021-04-25 18:11:32'),
(131, '2021-04-24', 'night', 'acc', '2', '2012', 3, 'Econ 1011', 6, 68, 'mid', '2021-04-25 18:11:32', '2021-04-25 18:11:32'),
(132, '2021-04-24', 'night', 'acc', '2', '2012', 4, 'Econ 1011', 7, 69, 'mid', '2021-04-25 18:11:32', '2021-04-25 18:11:32'),
(133, '2021-04-24', 'night', 'acc', '2', '2012', 5, 'Econ 1011', 8, 70, 'mid', '2021-04-25 18:11:32', '2021-04-25 18:11:32'),
(134, '2021-04-24', 'night', 'acc', '2', '2012', 6, 'Econ 1011', 9, 27, 'mid', '2021-04-25 18:11:32', '2021-04-25 18:11:32'),
(135, '2021-04-24', 'night', 'acc', '2', '2012', 7, 'Econ 1011', 10, 28, 'mid', '2021-04-25 18:11:32', '2021-04-25 18:11:32'),
(136, '2021-04-24', 'night', 'acc', '2', '2012', 8, 'Econ 1011', 11, 29, 'mid', '2021-04-25 18:11:32', '2021-04-25 18:11:32'),
(137, '2021-04-24', 'night', 'acc', '2', '2012', 9, 'Econ 1011', 12, 30, 'mid', '2021-04-25 18:11:32', '2021-04-25 18:11:32'),
(138, '2021-04-24', 'night', 'acc', '2', '2012', 10, 'Econ 1011', 13, 31, 'mid', '2021-04-25 18:11:32', '2021-04-25 18:11:32'),
(139, '2021-04-24', 'night', 'badm', '2', '2012', 1, 'Econ 1011', 14, 32, 'mid', '2021-04-25 18:11:32', '2021-04-25 18:11:32'),
(140, '2021-04-24', 'night', 'badm', '2', '2012', 2, 'Econ 1011', 15, 33, 'mid', '2021-04-25 18:11:32', '2021-04-25 18:11:32'),
(141, '2021-04-24', 'night', 'badm', '2', '2012', 3, 'Econ 1011', 16, 34, 'mid', '2021-04-25 18:11:32', '2021-04-25 18:11:32'),
(142, '2021-04-24', 'night', 'mng', '2', '2012', 1, 'Econ 1011', 17, 35, 'mid', '2021-04-25 18:11:32', '2021-04-25 18:11:32'),
(143, '2021-04-24', 'night', 'mng', '2', '2012', 2, 'Econ 1011', 18, 36, 'mid', '2021-04-25 18:11:32', '2021-04-25 18:11:32'),
(144, '2021-04-24', 'night', 'eco', '2', '2012', 1, 'Econ 1011', 19, 37, 'mid', '2021-04-25 18:11:32', '2021-04-25 18:11:32'),
(145, '2021-04-24', 'night', 'eco', '2', '2012', 2, 'Econ 1011', 20, 38, 'mid', '2021-04-25 18:11:32', '2021-04-25 18:11:32'),
(146, '2021-04-24', 'night', 'mrk', '2', '2012', 1, 'Econ 1011', 21, 39, 'mid', '2021-04-25 18:11:33', '2021-04-25 18:11:33'),
(147, '2021-04-25', 'night', 'cs', '2', '2012', 1, 'Econ 1011', 1, 60, 'mid', '2021-04-25 18:11:33', '2021-04-25 18:11:33'),
(148, '2021-04-25', 'night', 'cs', '2', '2012', 2, 'Econ 1011', 2, 61, 'mid', '2021-04-25 18:11:33', '2021-04-25 18:11:33'),
(149, '2021-04-25', 'night', 'mis', '2', '2012', 1, 'Math1011', 3, 62, 'mid', '2021-04-25 18:11:33', '2021-04-25 18:11:33'),
(150, '2021-04-25', 'night', 'acc', '2', '2012', 1, 'EnLa 1011', 4, 65, 'mid', '2021-04-25 18:11:33', '2021-04-25 18:11:33'),
(151, '2021-04-25', 'night', 'acc', '2', '2012', 2, 'EnLa 1011', 5, 66, 'mid', '2021-04-25 18:11:33', '2021-04-25 18:11:33'),
(152, '2021-04-25', 'night', 'acc', '2', '2012', 3, 'EnLa 1011', 6, 68, 'mid', '2021-04-25 18:11:33', '2021-04-25 18:11:33'),
(153, '2021-04-25', 'night', 'acc', '2', '2012', 4, 'EnLa 1011', 7, 69, 'mid', '2021-04-25 18:11:33', '2021-04-25 18:11:33'),
(154, '2021-04-25', 'night', 'acc', '2', '2012', 5, 'EnLa 1011', 8, 70, 'mid', '2021-04-25 18:11:33', '2021-04-25 18:11:33'),
(155, '2021-04-25', 'night', 'acc', '2', '2012', 6, 'EnLa 1011', 9, 27, 'mid', '2021-04-25 18:11:34', '2021-04-25 18:11:34'),
(156, '2021-04-25', 'night', 'acc', '2', '2012', 7, 'EnLa 1011', 10, 28, 'mid', '2021-04-25 18:11:34', '2021-04-25 18:11:34'),
(157, '2021-04-25', 'night', 'acc', '2', '2012', 8, 'EnLa 1011', 11, 29, 'mid', '2021-04-25 18:11:34', '2021-04-25 18:11:34'),
(158, '2021-04-25', 'night', 'acc', '2', '2012', 9, 'EnLa 1011', 12, 30, 'mid', '2021-04-25 18:11:34', '2021-04-25 18:11:34'),
(159, '2021-04-25', 'night', 'acc', '2', '2012', 10, 'EnLa 1011', 13, 31, 'mid', '2021-04-25 18:11:34', '2021-04-25 18:11:34'),
(160, '2021-04-25', 'night', 'badm', '2', '2012', 1, 'Enla-1011', 14, 32, 'mid', '2021-04-25 18:11:34', '2021-04-25 18:11:34'),
(161, '2021-04-25', 'night', 'badm', '2', '2012', 2, 'Enla-1011', 15, 33, 'mid', '2021-04-25 18:11:34', '2021-04-25 18:11:34'),
(162, '2021-04-25', 'night', 'badm', '2', '2012', 3, 'Enla-1011', 16, 34, 'mid', '2021-04-25 18:11:34', '2021-04-25 18:11:34'),
(163, '2021-04-25', 'night', 'mng', '2', '2012', 1, 'Enla-1011', 17, 35, 'mid', '2021-04-25 18:11:34', '2021-04-25 18:11:34'),
(164, '2021-04-25', 'night', 'mng', '2', '2012', 2, 'Enla-1011', 18, 36, 'mid', '2021-04-25 18:11:34', '2021-04-25 18:11:34'),
(165, '2021-04-25', 'night', 'eco', '2', '2012', 1, 'EnLa 1161', 19, 37, 'mid', '2021-04-25 18:11:34', '2021-04-25 18:11:34'),
(166, '2021-04-25', 'night', 'eco', '2', '2012', 2, 'EnLa 1161', 20, 38, 'mid', '2021-04-25 18:11:34', '2021-04-25 18:11:34'),
(167, '2021-04-25', 'night', 'mrk', '2', '2012', 1, 'EnLa 1161', 21, 39, 'mid', '2021-04-25 18:11:34', '2021-04-25 18:11:34'),
(168, '2021-04-26', 'night', 'cs', '2', '2012', 1, 'FlEn1011', 1, 60, 'mid', '2021-04-25 18:11:34', '2021-04-25 18:11:34'),
(169, '2021-04-26', 'night', 'cs', '2', '2012', 2, 'FlEn1011', 2, 61, 'mid', '2021-04-25 18:11:34', '2021-04-25 18:11:34'),
(170, '2021-04-26', 'night', 'mis', '2', '2012', 1, 'MIS 101', 3, 62, 'mid', '2021-04-25 18:11:34', '2021-04-25 18:11:34'),
(171, '2021-04-26', 'night', 'acc', '2', '2012', 1, 'Mgmt 1051', 4, 65, 'mid', '2021-04-25 18:11:34', '2021-04-25 18:11:34'),
(172, '2021-04-26', 'night', 'acc', '2', '2012', 2, 'Mgmt 1051', 5, 66, 'mid', '2021-04-25 18:11:34', '2021-04-25 18:11:34'),
(173, '2021-04-26', 'night', 'acc', '2', '2012', 3, 'Mgmt 1051', 6, 68, 'mid', '2021-04-25 18:11:34', '2021-04-25 18:11:34'),
(174, '2021-04-26', 'night', 'acc', '2', '2012', 4, 'Mgmt 1051', 7, 69, 'mid', '2021-04-25 18:11:34', '2021-04-25 18:11:34'),
(175, '2021-04-26', 'night', 'acc', '2', '2012', 5, 'Mgmt 1051', 8, 70, 'mid', '2021-04-25 18:11:34', '2021-04-25 18:11:34'),
(176, '2021-04-26', 'night', 'acc', '2', '2012', 6, 'Mgmt 1051', 9, 27, 'mid', '2021-04-25 18:11:34', '2021-04-25 18:11:34'),
(177, '2021-04-26', 'night', 'acc', '2', '2012', 7, 'Mgmt 1051', 10, 28, 'mid', '2021-04-25 18:11:34', '2021-04-25 18:11:34'),
(178, '2021-04-26', 'night', 'acc', '2', '2012', 8, 'Mgmt 1051', 11, 29, 'mid', '2021-04-25 18:11:34', '2021-04-25 18:11:34'),
(179, '2021-04-26', 'night', 'acc', '2', '2012', 9, 'Mgmt 1051', 12, 30, 'mid', '2021-04-25 18:11:35', '2021-04-25 18:11:35'),
(180, '2021-04-26', 'night', 'acc', '2', '2012', 10, 'Mgmt 1051', 13, 31, 'mid', '2021-04-25 18:11:35', '2021-04-25 18:11:35'),
(181, '2021-04-26', 'night', 'badm', '2', '2012', 1, 'MGMT-212', 14, 32, 'mid', '2021-04-25 18:11:35', '2021-04-25 18:11:35'),
(182, '2021-04-26', 'night', 'badm', '2', '2012', 2, 'MGMT-212', 15, 33, 'mid', '2021-04-25 18:11:35', '2021-04-25 18:11:35'),
(183, '2021-04-26', 'night', 'badm', '2', '2012', 3, 'MGMT-212', 16, 34, 'mid', '2021-04-25 18:11:35', '2021-04-25 18:11:35'),
(184, '2021-04-26', 'night', 'mng', '2', '2012', 1, 'MGMT-212', 17, 35, 'mid', '2021-04-25 18:11:35', '2021-04-25 18:11:35'),
(185, '2021-04-26', 'night', 'mng', '2', '2012', 2, 'MGMT-212', 18, 36, 'mid', '2021-04-25 18:11:35', '2021-04-25 18:11:35'),
(186, '2021-04-26', 'night', 'eco', '2', '2012', 1, 'Psyc 1011', 19, 37, 'mid', '2021-04-25 18:11:35', '2021-04-25 18:11:35'),
(187, '2021-04-26', 'night', 'eco', '2', '2012', 2, 'Psyc 1011', 20, 38, 'mid', '2021-04-25 18:11:35', '2021-04-25 18:11:35'),
(188, '2021-04-26', 'night', 'mrk', '2', '2012', 1, 'Mgt 201', 21, 39, 'mid', '2021-04-25 18:11:35', '2021-04-25 18:11:35'),
(189, '2021-05-17', 'mor', 'cs', '1', '2013', 1, 'CoSc1011', 1, 60, 'mid', '2021-04-25 18:25:25', '2021-04-25 18:25:25'),
(190, '2021-05-17', 'mor', 'acc', '1', '2013', 1, 'ACFn 1031', 2, 61, 'mid', '2021-04-25 18:25:25', '2021-04-25 18:25:25'),
(191, '2021-05-17', 'mor', 'acc', '1', '2013', 2, 'ACFn 1031', 3, 62, 'mid', '2021-04-25 18:25:25', '2021-04-25 18:25:25'),
(192, '2021-05-17', 'mor', 'badm', '1', '2013', 1, 'Acc-201', 4, 65, 'mid', '2021-04-25 18:25:25', '2021-04-25 18:25:25'),
(193, '2021-05-17', 'mor', 'mng', '1', '2013', 1, 'Acc-201', 5, 66, 'mid', '2021-04-25 18:25:25', '2021-04-25 18:25:25'),
(194, '2021-05-17', 'mor', 'eco', '1', '2013', 1, 'Acct 2201', 6, 68, 'mid', '2021-04-25 18:25:26', '2021-04-25 18:25:26'),
(195, '2021-05-17', 'mor', 'pha', '1', '2013', 1, 'Anat 1031', 7, 69, 'mid', '2021-04-25 18:25:26', '2021-04-25 18:25:26'),
(196, '2021-05-17', 'mor', 'nrs', '1', '2013', 1, 'ANAT 121', 8, 70, 'mid', '2021-04-25 18:25:26', '2021-04-25 18:25:26'),
(197, '2021-05-18', 'mor', 'cs', '1', '2013', 1, 'CoSc1013', 1, 60, 'mid', '2021-04-25 18:25:26', '2021-04-25 18:25:26'),
(198, '2021-05-18', 'mor', 'acc', '1', '2013', 1, 'Econ 1011', 2, 61, 'mid', '2021-04-25 18:25:26', '2021-04-25 18:25:26'),
(199, '2021-05-18', 'mor', 'acc', '1', '2013', 2, 'Econ 1011', 3, 62, 'mid', '2021-04-25 18:25:26', '2021-04-25 18:25:26'),
(200, '2021-05-18', 'mor', 'badm', '1', '2013', 1, 'Econ.1011', 4, 65, 'mid', '2021-04-25 18:25:26', '2021-04-25 18:25:26'),
(201, '2021-05-18', 'mor', 'mng', '1', '2013', 1, 'Econ.1011', 5, 66, 'mid', '2021-04-25 18:25:26', '2021-04-25 18:25:26'),
(202, '2021-05-18', 'mor', 'eco', '1', '2013', 1, 'Econ 1011', 6, 68, 'mid', '2021-04-25 18:25:26', '2021-04-25 18:25:26'),
(203, '2021-05-18', 'mor', 'pha', '1', '2013', 1, 'Chem. 1041', 7, 69, 'mid', '2021-04-25 18:25:26', '2021-04-25 18:25:26'),
(204, '2021-05-18', 'mor', 'nrs', '1', '2013', 1, 'CIVS1011', 8, 70, 'mid', '2021-04-25 18:25:26', '2021-04-25 18:25:26'),
(205, '2021-05-19', 'mor', 'cs', '1', '2013', 1, 'Econ 1011', 1, 60, 'mid', '2021-04-25 18:25:26', '2021-04-25 18:25:26'),
(206, '2021-05-19', 'mor', 'acc', '1', '2013', 1, 'EnLa 1011', 2, 61, 'mid', '2021-04-25 18:25:26', '2021-04-25 18:25:26'),
(207, '2021-05-19', 'mor', 'acc', '1', '2013', 2, 'EnLa 1011', 3, 62, 'mid', '2021-04-25 18:25:26', '2021-04-25 18:25:26'),
(208, '2021-05-19', 'mor', 'badm', '1', '2013', 1, 'Enla-100', 4, 65, 'mid', '2021-04-25 18:25:26', '2021-04-25 18:25:26'),
(209, '2021-05-19', 'mor', 'mng', '1', '2013', 1, 'Enla-100', 5, 66, 'mid', '2021-04-25 18:25:26', '2021-04-25 18:25:26'),
(210, '2021-05-19', 'mor', 'eco', '1', '2013', 1, 'EnLa 1161', 6, 68, 'mid', '2021-04-25 18:25:26', '2021-04-25 18:25:26'),
(211, '2021-05-19', 'mor', 'pha', '1', '2013', 1, 'Chem. 1042', 7, 69, 'mid', '2021-04-25 18:25:26', '2021-04-25 18:25:26'),
(212, '2021-05-19', 'mor', 'nrs', '1', '2013', 1, 'FLEn 101', 8, 70, 'mid', '2021-04-25 18:25:26', '2021-04-25 18:25:26'),
(213, '2021-05-20', 'mor', 'cs', '1', '2013', 1, 'FlEn1011', 1, 60, 'mid', '2021-04-25 18:25:26', '2021-04-25 18:25:26'),
(214, '2021-05-20', 'mor', 'acc', '1', '2013', 1, 'Mgmt 1051', 2, 61, 'mid', '2021-04-25 18:25:26', '2021-04-25 18:25:26'),
(215, '2021-05-20', 'mor', 'acc', '1', '2013', 2, 'Mgmt 1051', 3, 62, 'mid', '2021-04-25 18:25:27', '2021-04-25 18:25:27'),
(216, '2021-05-20', 'mor', 'badm', '1', '2013', 1, 'LoCT 1011', 4, 65, 'mid', '2021-04-25 18:25:27', '2021-04-25 18:25:27'),
(217, '2021-05-20', 'mor', 'mng', '1', '2013', 1, 'LoCT', 5, 66, 'mid', '2021-04-25 18:25:27', '2021-04-25 18:25:27'),
(218, '2021-05-20', 'mor', 'eco', '1', '2013', 1, 'LoCT 1011', 6, 68, 'mid', '2021-04-25 18:25:27', '2021-04-25 18:25:27'),
(219, '2021-05-20', 'mor', 'pha', '1', '2013', 1, 'FlEn 1011', 7, 69, 'mid', '2021-04-25 18:25:27', '2021-04-25 18:25:27'),
(220, '2021-05-20', 'mor', 'nrs', '1', '2013', 1, 'LoCT1011', 8, 70, 'mid', '2021-04-25 18:25:27', '2021-04-25 18:25:27'),
(221, '2021-05-21', 'mor', 'cs', '1', '2013', 1, 'LoCT 1011', 1, 60, 'mid', '2021-04-25 18:25:27', '2021-04-25 18:25:27'),
(222, '2021-05-21', 'mor', 'badm', '1', '2013', 1, 'MGMT-212', 4, 65, 'mid', '2021-04-25 18:25:27', '2021-04-25 18:25:27'),
(223, '2021-05-21', 'mor', 'mng', '1', '2013', 1, 'MGMT-212', 5, 66, 'mid', '2021-04-25 18:25:27', '2021-04-25 18:25:27'),
(224, '2021-05-21', 'mor', 'eco', '1', '2013', 1, 'Psyc 1011', 6, 68, 'mid', '2021-04-25 18:25:27', '2021-04-25 18:25:27'),
(225, '2021-05-21', 'mor', 'pha', '1', '2013', 1, 'loCT 1011', 7, 69, 'mid', '2021-04-25 18:25:27', '2021-04-25 18:25:27'),
(226, '2021-05-21', 'mor', 'nrs', '1', '2013', 1, 'NURS 101', 8, 70, 'mid', '2021-04-25 18:25:27', '2021-04-25 18:25:27'),
(227, '2021-05-22', 'mor', 'cs', '1', '2013', 1, 'SpSc', 1, 60, 'mid', '2021-04-25 18:25:27', '2021-04-25 18:25:27'),
(228, '2021-05-22', 'mor', 'badm', '1', '2013', 1, 'SpSc 1011', 4, 65, 'mid', '2021-04-25 18:25:27', '2021-04-25 18:25:27'),
(229, '2021-05-22', 'mor', 'mng', '1', '2013', 1, 'Spsc 1011', 5, 66, 'mid', '2021-04-25 18:25:27', '2021-04-25 18:25:27'),
(230, '2021-05-22', 'mor', 'eco', '1', '2013', 1, 'Spsc 1011', 6, 68, 'mid', '2021-04-25 18:25:27', '2021-04-25 18:25:27'),
(231, '2021-05-22', 'mor', 'pha', '1', '2013', 1, 'Moced 1011', 7, 69, 'mid', '2021-04-25 18:25:27', '2021-04-25 18:25:27'),
(232, '2021-05-22', 'mor', 'nrs', '1', '2013', 1, 'PARA 221', 8, 70, 'mid', '2021-04-25 18:25:27', '2021-04-25 18:25:27'),
(233, '2021-05-23', 'mor', 'pha', '1', '2013', 1, 'Phyl 1032', 7, 69, 'mid', '2021-04-25 18:25:27', '2021-04-25 18:25:27'),
(234, '2021-05-23', 'mor', 'nrs', '1', '2013', 1, 'PHYL 121', 8, 70, 'mid', '2021-04-25 18:25:28', '2021-04-25 18:25:28'),
(235, '2021-05-24', 'mor', 'pha', '1', '2013', 1, 'soAnt 1011', 7, 69, 'mid', '2021-04-25 18:25:28', '2021-04-25 18:25:28'),
(236, '2021-05-24', 'mor', 'nrs', '1', '2013', 1, 'SOSA101', 8, 70, 'mid', '2021-04-25 18:25:28', '2021-04-25 18:25:28'),
(237, '2021-05-25', 'mor', 'pha', '1', '2013', 1, 'Spsc 1011', 7, 69, 'mid', '2021-04-25 18:25:28', '2021-04-25 18:25:28'),
(238, '2021-05-25', 'mor', 'nrs', '1', '2013', 1, 'SpSc1023', 8, 70, 'mid', '2021-04-25 18:25:28', '2021-04-25 18:25:28');

-- --------------------------------------------------------

--
-- Table structure for table `failed_jobs`
--

CREATE TABLE `failed_jobs` (
  `id` bigint(20) UNSIGNED NOT NULL,
  `uuid` varchar(191) COLLATE utf8mb4_unicode_ci NOT NULL,
  `connection` text COLLATE utf8mb4_unicode_ci NOT NULL,
  `queue` text COLLATE utf8mb4_unicode_ci NOT NULL,
  `payload` longtext COLLATE utf8mb4_unicode_ci NOT NULL,
  `exception` longtext COLLATE utf8mb4_unicode_ci NOT NULL,
  `failed_at` timestamp NOT NULL DEFAULT CURRENT_TIMESTAMP
) ENGINE=InnoDB DEFAULT CHARSET=utf8mb4 COLLATE=utf8mb4_unicode_ci;

-- --------------------------------------------------------

--
-- Table structure for table `invigilators`
--

CREATE TABLE `invigilators` (
  `id` bigint(20) UNSIGNED NOT NULL,
  `fname` varchar(191) COLLATE utf8mb4_unicode_ci NOT NULL,
  `lname` varchar(191) COLLATE utf8mb4_unicode_ci DEFAULT NULL,
  `role` varchar(191) COLLATE utf8mb4_unicode_ci NOT NULL DEFAULT 'invigilator',
  `created_at` timestamp NULL DEFAULT NULL,
  `updated_at` timestamp NULL DEFAULT NULL
) ENGINE=InnoDB DEFAULT CHARSET=utf8mb4 COLLATE=utf8mb4_unicode_ci;

--
-- Dumping data for table `invigilators`
--

INSERT INTO `invigilators` (`id`, `fname`, `lname`, `role`, `created_at`, `updated_at`) VALUES
(1, 'gezahegn', 'hailu', 'invigilator', '2021-04-23 16:34:47', '2021-04-23 16:34:47'),
(2, 'wako', 'kebede', 'invigilator', '2021-04-23 16:35:24', '2021-04-23 16:35:24'),
(3, 'shimekit', NULL, 'invigilator', '2021-04-23 16:37:14', '2021-04-23 16:37:14'),
(4, 'Elfua', NULL, 'invigilator', '2021-04-23 16:37:56', '2021-04-23 16:37:56'),
(5, 'umer', 'hasien', 'invigilator', '2021-04-23 16:38:18', '2021-04-23 16:38:18'),
(6, 'Fikre', NULL, 'invigilator', '2021-04-23 16:39:04', '2021-04-23 16:39:04'),
(7, 'Dr.mama', NULL, 'invigilator', '2021-04-23 16:39:27', '2021-04-23 16:39:27'),
(8, 'Balcha', NULL, 'invigilator', '2021-04-23 16:39:40', '2021-04-23 16:39:40'),
(9, 'Defere', NULL, 'invigilator', '2021-04-23 16:39:56', '2021-04-23 16:39:56'),
(10, 'Fitsum', NULL, 'invigilator', '2021-04-23 16:40:17', '2021-04-23 16:40:17'),
(11, 'shimelis', 'kebede', 'invigilator', '2021-04-23 16:40:48', '2021-04-23 16:40:48'),
(12, 'tewdros', 'bayisa', 'invigilator', '2021-04-23 16:41:20', '2021-04-23 16:41:20'),
(13, 'gezahegn', NULL, 'invigilator', '2021-04-23 16:41:44', '2021-04-23 16:41:44'),
(14, 'tariku', 'alemu', 'invigilator', '2021-04-23 16:42:08', '2021-04-23 16:42:08'),
(15, 'Getachew', 'jima', 'invigilator', '2021-04-23 16:42:25', '2021-04-23 16:42:25'),
(16, 'Alemnesh', 'semere', 'invigilator', '2021-04-23 16:43:04', '2021-04-23 16:43:04'),
(17, 'ahmed', 'husien', 'invigilator', '2021-04-23 16:43:30', '2021-04-23 16:43:30'),
(18, 'ararsa', NULL, 'invigilator', '2021-04-23 16:43:45', '2021-04-23 16:43:45'),
(19, 'Efa', 'ayele', 'invigilator', '2021-04-23 16:44:04', '2021-04-23 16:44:04'),
(20, 'tariku', 'gemechu', 'invigilator', '2021-04-23 16:44:30', '2021-04-23 16:44:30'),
(21, 'nure', 'aman', 'invigilator', '2021-04-23 16:44:55', '2021-04-23 16:44:55'),
(22, 'girma', 'alemu', 'invigilator', '2021-04-23 16:45:17', '2021-04-23 16:45:17'),
(23, 'endale', 'gizaw', 'invigilator', '2021-04-23 16:45:48', '2021-04-23 16:45:48'),
(24, 'abay', 'wubshet', 'invigilator', '2021-04-23 16:46:11', '2021-04-23 16:46:11'),
(25, 'muktar', 'abdela', 'invigilator', '2021-04-23 16:47:03', '2021-04-23 16:47:03'),
(26, 'wosen', NULL, 'invigilator', '2021-04-23 16:47:24', '2021-04-23 16:47:24'),
(27, 'gosa', 'demirew', 'invigilator', '2021-04-23 16:47:48', '2021-04-23 16:47:48'),
(28, 'shemelis', NULL, 'invigilator', '2021-04-23 16:48:43', '2021-04-23 16:48:43'),
(29, 'mulugeta', 'waqshum', 'invigilator', '2021-04-23 16:49:16', '2021-04-23 16:49:16'),
(30, 'tesfaye', 'gizachew', 'invigilator', '2021-04-23 16:50:08', '2021-04-23 16:50:08'),
(31, 'mustefa', 'suleman', 'invigilator', '2021-04-23 16:51:08', '2021-04-23 16:51:08'),
(32, 'wake', NULL, 'invigilator', '2021-04-23 16:51:28', '2021-04-23 16:51:28'),
(34, 'mezekir', NULL, 'invigilator', '2021-04-23 16:52:03', '2021-04-23 16:52:03'),
(35, 'midekso', NULL, 'invigilator', '2021-04-23 16:54:06', '2021-04-23 16:54:06'),
(36, 'taye', 'habtu', 'invigilator', '2021-04-23 16:54:36', '2021-04-23 16:54:36'),
(37, 'diriba', 'feyisa', 'invigilator', '2021-04-23 16:55:19', '2021-04-23 16:55:19'),
(38, 'tufa', 'dachasa', 'invigilator', '2021-04-23 16:55:46', '2021-04-23 16:55:46'),
(39, 'gemeda', 'sime', 'invigilator', '2021-04-23 16:56:24', '2021-04-23 16:56:24'),
(40, 'martha', 'alemayehu', 'invigilator', '2021-04-23 16:57:04', '2021-04-23 16:57:04');

-- --------------------------------------------------------

--
-- Table structure for table `migrations`
--

CREATE TABLE `migrations` (
  `id` int(10) UNSIGNED NOT NULL,
  `migration` varchar(191) COLLATE utf8mb4_unicode_ci NOT NULL,
  `batch` int(11) NOT NULL
) ENGINE=InnoDB DEFAULT CHARSET=utf8mb4 COLLATE=utf8mb4_unicode_ci;

--
-- Dumping data for table `migrations`
--

INSERT INTO `migrations` (`id`, `migration`, `batch`) VALUES
(1, '2014_10_12_000000_create_users_table', 1),
(2, '2014_10_12_100000_create_password_resets_table', 1),
(3, '2019_08_19_000000_create_failed_jobs_table', 1),
(4, '2021_03_05_065646_create_buildings_table', 1),
(6, '2021_03_05_082531_create_room_types_table', 1),
(7, '2021_03_05_082739_create_time_tables_table', 1),
(9, '2021_03_05_123949_create_course_assigns_table', 1),
(10, '2021_03_07_144911_update_rooms', 2),
(11, '2021_03_07_145341_update_course_assigns', 3),
(12, '2021_03_07_205520_update_time_table', 4),
(14, '2021_03_05_071355_create_rooms_table', 5),
(17, '2021_03_21_144416_create_class_schedules_table', 6),
(19, '2021_04_02_044844_create_coustom_rooms_table', 7),
(20, '2021_04_13_181957_create_off_date_models_table', 8),
(21, '2021_04_21_113139_create_exam_schedules_table', 9),
(23, '2021_04_22_213357_create_invigilator_controllers_table', 10);

-- --------------------------------------------------------

--
-- Table structure for table `off_date_models`
--

CREATE TABLE `off_date_models` (
  `id` bigint(20) UNSIGNED NOT NULL,
  `dep` varchar(191) COLLATE utf8mb4_unicode_ci NOT NULL,
  `offdate` varchar(191) COLLATE utf8mb4_unicode_ci NOT NULL,
  `created_at` timestamp NULL DEFAULT NULL,
  `updated_at` timestamp NULL DEFAULT NULL
) ENGINE=InnoDB DEFAULT CHARSET=utf8mb4 COLLATE=utf8mb4_unicode_ci;

-- --------------------------------------------------------

--
-- Table structure for table `password_resets`
--

CREATE TABLE `password_resets` (
  `email` varchar(191) COLLATE utf8mb4_unicode_ci NOT NULL,
  `token` varchar(191) COLLATE utf8mb4_unicode_ci NOT NULL,
  `created_at` timestamp NULL DEFAULT NULL
) ENGINE=InnoDB DEFAULT CHARSET=utf8mb4 COLLATE=utf8mb4_unicode_ci;

-- --------------------------------------------------------

--
-- Table structure for table `rooms`
--

CREATE TABLE `rooms` (
  `id` bigint(20) UNSIGNED NOT NULL,
  `name` varchar(191) COLLATE utf8mb4_unicode_ci NOT NULL,
  `floor` varchar(191) COLLATE utf8mb4_unicode_ci NOT NULL,
  `bid` varchar(191) COLLATE utf8mb4_unicode_ci NOT NULL,
  `room_type_id` varchar(191) COLLATE utf8mb4_unicode_ci NOT NULL,
  `officename` varchar(191) COLLATE utf8mb4_unicode_ci DEFAULT NULL,
  `roomsize` varchar(191) COLLATE utf8mb4_unicode_ci DEFAULT NULL,
  `noofchair` varchar(191) COLLATE utf8mb4_unicode_ci DEFAULT NULL,
  `whiteboard` varchar(191) COLLATE utf8mb4_unicode_ci DEFAULT NULL,
  `capacity` varchar(191) COLLATE utf8mb4_unicode_ci NOT NULL DEFAULT '50',
  `created_at` timestamp NULL DEFAULT NULL,
  `updated_at` timestamp NULL DEFAULT NULL
) ENGINE=InnoDB DEFAULT CHARSET=utf8mb4 COLLATE=utf8mb4_unicode_ci;

--
-- Dumping data for table `rooms`
--

INSERT INTO `rooms` (`id`, `name`, `floor`, `bid`, `room_type_id`, `officename`, `roomsize`, `noofchair`, `whiteboard`, `capacity`, `created_at`, `updated_at`) VALUES
(6, 'SHB-201', 'g2', '1', 'cr', NULL, '37.85', '45', '1', '50', '2021-03-22 16:51:06', '2021-03-22 16:51:06'),
(7, 'SHB-202', 'g2', '1', 'cr', NULL, '33.6', '40', '1', '50', '2021-03-22 16:52:03', '2021-03-22 16:52:03'),
(8, 'SHB-203', 'g2', '1', 'cr', NULL, '33.6', '45', '1', '50', '2021-03-22 16:53:27', '2021-03-22 16:53:27'),
(9, 'SHB-204', 'g2', '1', 'cr', NULL, '33.6', '39', '1', '50', '2021-03-22 16:54:16', '2021-03-22 16:54:16'),
(10, 'SHB-205', 'g2', '1', 'cr', NULL, '32.7', '46', '1', '50', '2021-03-22 16:55:12', '2021-03-22 16:55:12'),
(11, 'SHB-213', 'g2', '1', 'cr', NULL, '35.38', '48', '1', '50', '2021-03-22 16:56:25', '2021-03-22 16:56:25'),
(12, 'SHB-214', 'g2', '1', 'of', 'do', NULL, NULL, NULL, '50', '2021-03-22 17:03:11', '2021-03-22 17:03:11'),
(13, 'SHB-215', 'g2', '1', 'of', 'stf', NULL, NULL, NULL, '50', '2021-03-22 17:05:01', '2021-03-22 17:05:01'),
(14, 'SHB-216', 'g2', '1', 'cr', NULL, '35.99', '43', '1', '50', '2021-03-22 17:06:40', '2021-03-22 17:06:40'),
(15, 'SHB-217', 'g2', '1', 'cr', NULL, '36.6', '51', '1', '50', '2021-03-22 17:07:24', '2021-03-22 17:07:24'),
(16, 'SHB-218', 'g2', '1', 'cr', NULL, '35.8', '48', '1', '50', '2021-03-22 17:08:20', '2021-03-22 17:08:20'),
(17, 'SHB-219', 'g2', '1', 'cr', NULL, '37.51', '54', '1', '50', '2021-03-22 17:09:35', '2021-03-22 17:09:35'),
(18, 'SHB-220', 'g2', '1', 'cr', NULL, '41.78', '54', '1', '50', '2021-03-22 17:10:37', '2021-03-22 17:10:37'),
(20, 'SHB-301', 'g3', '1', 'cr', NULL, '38', '41', '1', '50', '2021-03-22 17:11:38', '2021-03-22 17:11:38'),
(21, 'SHB-319', 'g3', '1', 'cr', NULL, '35.81', '42', '1', '50', '2021-03-22 17:13:25', '2021-03-22 17:13:25'),
(22, 'SHB-412', 'g4', '1', 'cr', NULL, '36.75', '41', '1', '50', '2021-03-22 17:14:48', '2021-03-22 17:14:48'),
(23, 'SHB-419', 'g4', '1', 'cr', NULL, '38', '41', '1', '50', '2021-03-22 17:17:15', '2021-03-22 17:17:15'),
(24, 'SHB-420', 'g4', '1', 'cr', NULL, '36.75', '41', '1', '50', '2021-03-22 17:18:04', '2021-03-22 17:18:04'),
(25, 'SHB-421', 'g4', '1', 'cr', NULL, '40.78', '50', '1', '50', '2021-03-22 17:19:15', '2021-03-22 17:19:15'),
(26, 'NB-011', 'g0', '2', 'of', 'ro', '38', NULL, '1', '50', '2021-03-22 17:20:26', '2021-03-22 17:20:26'),
(27, 'NB-012', 'g0', '2', 'cr', NULL, '38', '43', '1', '50', '2021-03-22 17:21:21', '2021-03-22 17:21:21'),
(28, 'NB-013', 'g0', '2', 'cr', NULL, '38', '48', '1', '50', '2021-03-22 17:22:02', '2021-03-22 17:22:02'),
(29, 'NB-014', 'g0', '2', 'cr', NULL, '49', '57', '1', '50', '2021-03-22 17:22:52', '2021-03-22 17:22:52'),
(30, 'NB-015', 'g0', '2', 'cr', NULL, '49', '71', '1', '50', '2021-03-22 17:23:34', '2021-03-22 17:23:34'),
(31, 'NB-016', 'g0', '2', 'cr', NULL, '49', '47', '1', '50', '2021-03-22 17:25:03', '2021-03-22 17:25:03'),
(32, 'NB-017', 'g0', '2', 'cr', NULL, '49', '59', '1', '50', '2021-03-22 17:25:47', '2021-03-22 17:25:47'),
(33, 'NB-018', 'g0', '2', 'cr', NULL, '49', '42', '1', '50', '2021-03-22 17:27:18', '2021-03-22 17:27:18'),
(34, 'NB-111', 'g1', '2', 'cr', NULL, '38', '46', '1', '50', '2021-03-22 17:29:29', '2021-03-22 17:29:29'),
(35, 'NB-112', 'g1', '2', 'cr', NULL, '38', '45', '1', '50', '2021-03-22 17:32:45', '2021-03-22 17:32:45'),
(36, 'NB-113', 'g1', '2', 'cr', NULL, '38', '36', '1', '50', '2021-03-22 17:35:25', '2021-03-22 17:35:25'),
(37, 'NB-114', 'g1', '2', 'cr', NULL, '49', '54', '1', '50', '2021-03-22 17:36:27', '2021-03-22 17:36:27'),
(38, 'NB-115', 'g1', '2', 'cr', NULL, '49', '45', '1', '50', '2021-03-22 17:37:05', '2021-03-22 17:37:05'),
(39, 'NB-116', 'g1', '2', 'cr', NULL, '49', '64', '1', '50', '2021-03-22 17:37:46', '2021-03-22 17:37:46'),
(40, 'NB-211', 'g2', '2', 'cr', NULL, '38', '34', '1', '50', '2021-03-22 17:40:59', '2021-03-22 17:40:59'),
(41, 'NB-212', 'g2', '2', 'cr', NULL, '38', '32', '1', '50', '2021-03-22 17:41:44', '2021-03-22 17:41:44'),
(42, 'NB-213', 'g2', '2', 'cr', NULL, '38', '25', '1', '50', '2021-03-22 17:42:41', '2021-03-22 17:42:41'),
(43, 'NB-214', 'g2', '2', 'cr', NULL, '49', '45', '1', '50', '2021-03-22 17:43:31', '2021-03-22 17:43:31'),
(44, 'NB-215', 'g2', '1', 'cr', NULL, '49', '38', '1', '50', '2021-03-22 17:44:38', '2021-03-22 17:44:38'),
(45, 'NB-216', 'g2', '2', 'cr', NULL, '49', '70', '1', '50', '2021-03-22 17:45:17', '2021-03-22 17:45:17'),
(46, 'NB-311', 'g3', '2', 'la', 'cl', '49', NULL, NULL, '50', '2021-03-22 17:46:51', '2021-03-22 17:46:51'),
(47, 'NB-312', 'g3', '2', 'la', 'cl', '49', NULL, NULL, '50', '2021-03-22 17:47:38', '2021-03-22 17:47:38'),
(48, 'NB-313', 'g3', '2', 'la', 'cl', '49', '39', NULL, '50', '2021-03-22 17:48:34', '2021-03-22 17:48:34'),
(49, 'NB-314', 'g3', '2', 'la', 'cl', '38', NULL, NULL, '50', '2021-03-22 17:49:26', '2021-03-22 17:49:26'),
(50, 'NB-315', 'g3', '2', 'la', 'cl', '38', '19', NULL, '50', '2021-03-22 17:50:19', '2021-03-22 17:50:19'),
(51, 'NB-316', 'g3', '2', 'la', 'cl', '38', '38', NULL, '50', '2021-03-22 17:51:09', '2021-03-22 17:51:09'),
(53, 'NB-411', 'g4', '2', 'la', 'pl', '49', NULL, NULL, '50', '2021-03-22 17:53:05', '2021-03-22 17:53:05'),
(54, 'NB-412', 'g4', '2', 'la', 'pl', '49', NULL, NULL, '50', '2021-03-22 17:54:07', '2021-03-22 17:54:07'),
(55, 'NB-419', 'g4', '2', 'la', 'pl', '49', NULL, NULL, '50', '2021-03-22 17:54:42', '2021-03-22 17:54:42'),
(56, 'NB-414', 'g4', '2', 'la', 'ndr', '57', NULL, NULL, '50', '2021-03-22 17:56:42', '2021-03-22 17:56:42'),
(57, 'NB-415', 'g4', '2', 'la', 'ndr', '57', NULL, NULL, '50', '2021-03-22 17:57:23', '2021-03-22 17:57:23'),
(58, 'NB-511', 'g5', '2', 'li', 'dl', '147', NULL, NULL, '50', '2021-03-22 17:59:42', '2021-03-22 17:59:42'),
(59, 'NB-512', 'g5', '2', 'li', 'dl', '113', NULL, NULL, '50', '2021-03-22 18:00:35', '2021-03-22 18:00:35'),
(60, 'PG-001', 'g0', '4', 'cr', NULL, '37', NULL, '1', '50', '2021-03-22 18:02:48', '2021-03-22 18:02:48'),
(61, 'PG-002', 'g0', '4', 'cr', NULL, '37', NULL, '1', '50', '2021-03-22 18:03:51', '2021-03-22 18:03:51'),
(62, 'PG-003', 'g0', '4', 'cr', NULL, '37', NULL, '1', '50', '2021-03-22 18:04:26', '2021-03-22 18:04:26'),
(63, 'PG-101', 'g1', '4', 'of', 'dcs', '19', NULL, NULL, '50', '2021-03-22 18:05:52', '2021-03-22 18:05:52'),
(64, 'PG-102', 'g1', '4', 'of', 'po', '37', NULL, NULL, '50', '2021-03-22 18:06:40', '2021-03-22 18:06:40'),
(65, 'PG-103', 'g1', '4', 'cr', NULL, '37', NULL, '1', '50', '2021-03-22 18:07:22', '2021-03-22 18:07:22'),
(66, 'PG-104', 'g1', '4', 'cr', NULL, '37', NULL, '1', '50', '2021-03-22 18:07:51', '2021-03-22 18:07:51'),
(67, 'PG-201', 'g2', '4', 'of', 'dp', '19', NULL, NULL, '50', '2021-03-22 18:08:44', '2021-03-22 18:08:44'),
(68, 'PG-202', 'g2', '4', 'cr', NULL, '35', NULL, '1', '50', '2021-03-22 18:09:26', '2021-03-22 18:09:26'),
(69, 'PG-203', 'g2', '4', 'cr', NULL, '35', NULL, '1', '50', '2021-03-22 18:09:58', '2021-03-22 18:09:58'),
(70, 'PG-204', 'g2', '4', 'cr', NULL, '35', NULL, '1', '50', '2021-03-22 18:10:31', '2021-03-22 18:10:31'),
(71, 'PG-301', 'g3', '4', 'of', 'dc', '19.25', NULL, NULL, '50', '2021-03-22 18:12:04', '2021-03-22 18:12:04'),
(72, 'PG-301', 'g3', '4', 'of', 'col', '35', NULL, NULL, '50', '2021-03-22 18:12:52', '2021-03-22 18:12:52'),
(73, 'PG-303', 'g3', '4', 'of', 'col', '35', NULL, NULL, '50', '2021-03-22 18:13:29', '2021-03-22 18:13:29'),
(74, 'PG-304', 'g3', '4', 'of', 'col', '35', NULL, NULL, '50', '2021-03-22 18:14:08', '2021-03-22 18:14:08'),
(75, 'PG-401', 'g4', '4', 'li', 'ugl', '126', NULL, NULL, '50', '2021-03-22 18:14:55', '2021-03-22 18:14:55'),
(76, 'PG-502', 'g5', '4', 'li', 'ugl', '223', NULL, NULL, '50', '2021-03-22 18:15:42', '2021-03-22 18:15:42'),
(77, 'SHB-317-318', 'g3', '1', 'cr', NULL, '75.66', '50', '1', '50', '2021-03-23 03:20:00', '2021-03-23 03:20:00'),
(78, 'SHB-320-321', 'g3', '1', 'cr', NULL, '76.7', '76', '1', '50', '2021-03-23 03:28:43', '2021-03-23 03:28:43'),
(80, 'NB-019', 'g1', '2', 'cr', NULL, '49', '52', '1', '50', '2021-03-23 03:31:44', '2021-03-23 03:31:44'),
(81, 'NB-020', 'g1', '2', 'cr', NULL, '49', '49', '1', '50', '2021-03-23 03:32:23', '2021-03-23 03:32:23'),
(82, 'NB-021', 'g1', '2', 'of', 'foh', '37', NULL, NULL, '50', '2021-03-23 03:33:26', '2021-03-23 03:33:26'),
(83, 'NB-022', 'g2', '2', 'cr', NULL, '49', '48', '1', '50', '2021-03-23 03:35:25', '2021-03-23 03:35:25'),
(84, 'NB-024', 'g2', '2', 'cr', NULL, '37', '35', '1', '50', '2021-03-23 03:37:09', '2021-03-23 03:37:09'),
(85, 'NB-025', 'g3', '2', 'cr', NULL, '49', '43', '1', '50', '2021-03-23 03:37:52', '2021-03-23 03:37:52'),
(86, 'NB-026', 'g3', '2', 'cr', NULL, '49', '56', '1', '50', '2021-03-23 03:38:53', '2021-03-23 03:38:53'),
(87, 'NB-027', 'g3', '2', 'cr', NULL, '37', '22', '1', '50', '2021-03-23 03:39:45', '2021-03-23 03:39:45');

-- --------------------------------------------------------

--
-- Table structure for table `room_types`
--

CREATE TABLE `room_types` (
  `id` bigint(20) UNSIGNED NOT NULL,
  `name` varchar(191) COLLATE utf8mb4_unicode_ci NOT NULL,
  `created_at` timestamp NULL DEFAULT NULL,
  `updated_at` timestamp NULL DEFAULT NULL
) ENGINE=InnoDB DEFAULT CHARSET=utf8mb4 COLLATE=utf8mb4_unicode_ci;

--
-- Dumping data for table `room_types`
--

INSERT INTO `room_types` (`id`, `name`, `created_at`, `updated_at`) VALUES
(15, 'Class Room', '2021-03-19 04:31:32', '2021-03-19 04:31:32'),
(16, 'Office', '2021-03-19 04:32:27', '2021-03-19 04:32:27'),
(17, 'Laboratory', '2021-03-19 04:32:42', '2021-03-19 04:32:42'),
(18, 'Library', '2021-03-19 04:32:55', '2021-03-19 04:32:55');

-- --------------------------------------------------------

--
-- Table structure for table `time_tables`
--

CREATE TABLE `time_tables` (
  `id` bigint(20) UNSIGNED NOT NULL,
  `name` varchar(191) COLLATE utf8mb4_unicode_ci NOT NULL,
  `start` varchar(191) COLLATE utf8mb4_unicode_ci NOT NULL,
  `end` varchar(191) COLLATE utf8mb4_unicode_ci NOT NULL,
  `created_at` timestamp NULL DEFAULT NULL,
  `updated_at` timestamp NULL DEFAULT NULL,
  `modality` varchar(191) COLLATE utf8mb4_unicode_ci NOT NULL
) ENGINE=InnoDB DEFAULT CHARSET=utf8mb4 COLLATE=utf8mb4_unicode_ci;

--
-- Dumping data for table `time_tables`
--

INSERT INTO `time_tables` (`id`, `name`, `start`, `end`, `created_at`, `updated_at`, `modality`) VALUES
(1, 'lecture hour', '2:00', '4:00', NULL, NULL, '1'),
(2, 'lecture hour', '4:00', '6:00', NULL, NULL, '1'),
(3, 'lecture hour', '8:00', '10:00', NULL, NULL, '1'),
(4, 'lecture hour', '10:00', '12:00', NULL, '2021-03-16 17:24:45', '1'),
(5, 'lecture hour', '12:00', '02:00', '2021-03-19 04:21:48', '2021-03-19 04:22:33', '2'),
(11, 'lecture hour', '02:00', '03:10', '2021-04-08 04:19:03', '2021-04-08 04:19:03', '3'),
(12, 'lecture hour', '03:20', '04:30', '2021-04-08 04:20:20', '2021-04-08 04:20:20', '3'),
(13, 'lecture hour', '04:40', '05:50', '2021-04-08 04:21:00', '2021-04-08 04:21:00', '3'),
(14, 'lecture hour', '08:00', '09:10', '2021-04-08 04:21:44', '2021-04-08 04:21:44', '3'),
(15, 'lecture hour', '09:20', '10:30', '2021-04-08 04:22:49', '2021-04-08 04:22:49', '3'),
(16, 'lecture hour', '10:40', '12:50', '2021-04-08 04:24:27', '2021-04-08 04:24:43', '3');

-- --------------------------------------------------------

--
-- Table structure for table `users`
--

CREATE TABLE `users` (
  `id` bigint(20) UNSIGNED NOT NULL,
  `name` varchar(191) COLLATE utf8mb4_unicode_ci NOT NULL,
  `email` varchar(191) COLLATE utf8mb4_unicode_ci NOT NULL,
  `email_verified_at` timestamp NULL DEFAULT NULL,
  `password` varchar(191) COLLATE utf8mb4_unicode_ci NOT NULL,
  `remember_token` varchar(100) COLLATE utf8mb4_unicode_ci DEFAULT NULL,
  `created_at` timestamp NULL DEFAULT NULL,
  `updated_at` timestamp NULL DEFAULT NULL
) ENGINE=InnoDB DEFAULT CHARSET=utf8mb4 COLLATE=utf8mb4_unicode_ci;

--
-- Indexes for dumped tables
--

--
-- Indexes for table `buildings`
--
ALTER TABLE `buildings`
  ADD PRIMARY KEY (`id`);

--
-- Indexes for table `class_schedules`
--
ALTER TABLE `class_schedules`
  ADD PRIMARY KEY (`id`);

--
-- Indexes for table `course_assigns`
--
ALTER TABLE `course_assigns`
  ADD PRIMARY KEY (`id`);

--
-- Indexes for table `custom_rooms`
--
ALTER TABLE `custom_rooms`
  ADD PRIMARY KEY (`id`);

--
-- Indexes for table `exam_schedules`
--
ALTER TABLE `exam_schedules`
  ADD PRIMARY KEY (`id`);

--
-- Indexes for table `failed_jobs`
--
ALTER TABLE `failed_jobs`
  ADD PRIMARY KEY (`id`),
  ADD UNIQUE KEY `failed_jobs_uuid_unique` (`uuid`);

--
-- Indexes for table `invigilators`
--
ALTER TABLE `invigilators`
  ADD PRIMARY KEY (`id`);

--
-- Indexes for table `migrations`
--
ALTER TABLE `migrations`
  ADD PRIMARY KEY (`id`);

--
-- Indexes for table `off_date_models`
--
ALTER TABLE `off_date_models`
  ADD PRIMARY KEY (`id`);

--
-- Indexes for table `password_resets`
--
ALTER TABLE `password_resets`
  ADD KEY `password_resets_email_index` (`email`);

--
-- Indexes for table `rooms`
--
ALTER TABLE `rooms`
  ADD PRIMARY KEY (`id`);

--
-- Indexes for table `room_types`
--
ALTER TABLE `room_types`
  ADD PRIMARY KEY (`id`);

--
-- Indexes for table `time_tables`
--
ALTER TABLE `time_tables`
  ADD PRIMARY KEY (`id`);

--
-- Indexes for table `users`
--
ALTER TABLE `users`
  ADD PRIMARY KEY (`id`),
  ADD UNIQUE KEY `users_email_unique` (`email`);

--
-- AUTO_INCREMENT for dumped tables
--

--
-- AUTO_INCREMENT for table `buildings`
--
ALTER TABLE `buildings`
  MODIFY `id` bigint(20) UNSIGNED NOT NULL AUTO_INCREMENT, AUTO_INCREMENT=5;

--
-- AUTO_INCREMENT for table `class_schedules`
--
ALTER TABLE `class_schedules`
  MODIFY `id` bigint(20) UNSIGNED NOT NULL AUTO_INCREMENT, AUTO_INCREMENT=424;

--
-- AUTO_INCREMENT for table `course_assigns`
--
ALTER TABLE `course_assigns`
  MODIFY `id` bigint(20) UNSIGNED NOT NULL AUTO_INCREMENT, AUTO_INCREMENT=904;

--
-- AUTO_INCREMENT for table `custom_rooms`
--
ALTER TABLE `custom_rooms`
  MODIFY `id` bigint(20) UNSIGNED NOT NULL AUTO_INCREMENT;

--
-- AUTO_INCREMENT for table `exam_schedules`
--
ALTER TABLE `exam_schedules`
  MODIFY `id` bigint(20) UNSIGNED NOT NULL AUTO_INCREMENT, AUTO_INCREMENT=239;

--
-- AUTO_INCREMENT for table `failed_jobs`
--
ALTER TABLE `failed_jobs`
  MODIFY `id` bigint(20) UNSIGNED NOT NULL AUTO_INCREMENT;

--
-- AUTO_INCREMENT for table `invigilators`
--
ALTER TABLE `invigilators`
  MODIFY `id` bigint(20) UNSIGNED NOT NULL AUTO_INCREMENT, AUTO_INCREMENT=41;

--
-- AUTO_INCREMENT for table `migrations`
--
ALTER TABLE `migrations`
  MODIFY `id` int(10) UNSIGNED NOT NULL AUTO_INCREMENT, AUTO_INCREMENT=24;

--
-- AUTO_INCREMENT for table `off_date_models`
--
ALTER TABLE `off_date_models`
  MODIFY `id` bigint(20) UNSIGNED NOT NULL AUTO_INCREMENT;

--
-- AUTO_INCREMENT for table `rooms`
--
ALTER TABLE `rooms`
  MODIFY `id` bigint(20) UNSIGNED NOT NULL AUTO_INCREMENT, AUTO_INCREMENT=88;

--
-- AUTO_INCREMENT for table `room_types`
--
ALTER TABLE `room_types`
  MODIFY `id` bigint(20) UNSIGNED NOT NULL AUTO_INCREMENT, AUTO_INCREMENT=19;

--
-- AUTO_INCREMENT for table `time_tables`
--
ALTER TABLE `time_tables`
  MODIFY `id` bigint(20) UNSIGNED NOT NULL AUTO_INCREMENT, AUTO_INCREMENT=17;

--
-- AUTO_INCREMENT for table `users`
--
ALTER TABLE `users`
  MODIFY `id` bigint(20) UNSIGNED NOT NULL AUTO_INCREMENT;
COMMIT;

/*!40101 SET CHARACTER_SET_CLIENT=@OLD_CHARACTER_SET_CLIENT */;
/*!40101 SET CHARACTER_SET_RESULTS=@OLD_CHARACTER_SET_RESULTS */;
/*!40101 SET COLLATION_CONNECTION=@OLD_COLLATION_CONNECTION */;
